sg nom,sg gen,sg part,sg ill,pl nom,pl gen,pl part,pl ill,pl ine,kommentaar
aapõ,aava,aapa,aapasõ,aavõd,aapojõ,aapoit,aapoisõ,aapoiz,
aastaikõ,aastaiga,aastaika,aastaikasõ,aastaigõd,aastaikojõ,aastaikoit,aastaikoisõ,aastaikoiz,
ahas,ahta,ahassõ,ahtasõ,ahtad,ahtajõ,ahtait,ahtaisõ,ahtaiz,
ahjo,ahjo,ahjoa,ahjosõ,ahjod,ahjojõ,ahjoit,ahjoisõ,ahjoiz,Laakso märkinud -se pl ill vormis
ahnõz,ahna,ahnõssõ,ahnasõ,ahnad,ahnajõ,ahnait,ahnaisõ,ahnaiz,
ahvõn,ahvõna,ahvõna,ahvõnasõ,ahvõnõd,ahvõnojõ,ahvõnoit,ahvõnoisõ,ahvõnoiz,
aikõ,aiga,aika,aikasõ,aigõd,aikojõ,aikoit,aikoisõ,aikoiz,
airo,airo,airoa,airosõ,airod,airojõ,airoit,airoisõ,airoiz,
aitõ,ajja,aita,aitasõ,aijõd,aitojõ,aitoit,aitoisõ,aitoiz,
aju,aju,ajua,ajusõ,ajud,ajujõ,ajuit,ajuisõ,ajuiz,
akkunõ,akkuna,akkuna,akkunasõ,akkunõd,akkunojõ,akkunoit,akkunoisõ,akkunoiz,
alko,algo,alkoa,alkosõ,algod,alkojõ,alkoit,alkoisõ,alkoiz,
alku,algu,alkua,alkusõ,algud,alkujõ,alkuit,alkuisõ,alkuiz,
almõzi,almõzi,almõzia,almõzi,almõzid,almõzijõ,almõziit,almõziisõ,almõziiz,
aloi,aloja,aloja,alojasõ,alojõd,alojõ,alojõit,alojõisõ,alojõiz,
aluz,alusõ,alussõ,alussõ,alusõd,alussijõ,alussiit,alussiisõ,alussiiz,
alõin,alõtsõ,alõissõ,alõttsõ,alõtsõd,alõttsijõ,alõttsiit,alõttsiisõ,alõttsiiz,
ammõz,ampa,ammõssõ,ampasõ,ampad,ampajõ,ampait,ampaisõ,ampaiz,
angõriaz,angeria,angeriassõ,angeriasõ,angeriad,angerijõ,angeriit,angeriisõ,angeriiz,
anõ,anõ,anõa,anõsõ,anõd,anõjõ,anõit,anõisõ,anõiz,
asfal̕tti,asfal̕ti,asfal̕ttia,asfal̕ttisõ,asfal̕tid,asfal̕ttijõ,asfal̕ttiit,asfal̕ttiisõ,asfal̕ttiiz,
astia,astia,astia,astiasõ,astiad,astiojõ,astioit,astioisõ,astioiz,
az̕z̕õ,az̕z̕a,az̕z̕a,az̕z̕asõ,az̕z̕ad,az̕z̕ojõ,az̕z̕oit,az̕z̕oisõ,az̕z̕oiz,
auči,audži,aučia,aučisõ,audžid,aučijõ,aučiit,aučiisõ,aučiiz,č-dž vaheldus
audžikkõin,audžikkõizõ,audžikkõissõ,audžikkõizõsõ,audžikkõizõd,audžikkõisijõ,audžikkõisiit,audžikkõisiisõ,audžikkõisiiz,Laakso märkinud dž mitte c
baabukõz,baabukka,baabukõssõ,baabukkassõ,baabukkad,baabukkojõ,baabukkait,baabukkaisõ,baabukkaiz,
bad̕d̕õ,bad̕d̕a,bad̕d̕a,bad̕d̕asõ,bad̕d̕õd,bad̕d̕ojõ,bad̕d̕oit,bad̕d̕oisõ,bad̕d̕oiz,
bagaži,bagaži,bagažia,bagažisõ,bagažid,bagažijõ,bagažiit,bagažiisõ,bagažiiz,
bahvõlõ,bahvõla,bahvõl,bahvõlasõ,bahvõlõd,bahvelojõ,bahvõloit,bahvõloisõ,bahvõloiz,
baldõhina,baldõhina,baldõhina,baldõhinasõ,baldõhinad,baldõhinojõ,baldõhinoit,baldõhinoisõ,baldõhinoiz,
balhoni,balhoni,balhonia,balhoni,balhonid,balhonijõ,balhoniit,balhoniisõ,balhoniiz,
bambukkõ,bambuka,bambukka,bambukkasõ,bambukad,bambukkijõ,bambukkiit,bambukkiisõ,bambukkiiz,
bank,banka,banka,bankasõ,bankõd,bankojõ,bankoit,bankoisõ,bankoiz,
bankrutti,bankruti,bankruttia,bankruttisõ,bankrutid,bankruttijõ,bankruttiit,bankruttiisõ,bankruttiiz,sg ill lisatud -sõ lõpp
barabana,barabana,barabana,barabanasõ,barabanad,barabanojõ,barabanoit,barabanoisõ,barabanoiz,
baroni,baroni,baronia,baronisõ,baronid,baronijõ,baroniit,baroniisõ,baroniiz,
bašmuk,bašmuka,bašmukka,bašmukkasõ,bašmukõd,bašmukkojõ,bašmukkoit,bašmukkoisõ,bašmukkoiz,
bašn̕i,bašn̕a,bašn̕a,bašn̕asõ,bašn̕õd,bašn̕ojõ,bašn̕oit,bašn̕oisõ,bašn̕oiz,
bibli,bibli,bibliä,biblise,biblid,biblije,bibliit,bibliise,bibliiz,
biblioteek,biblioteeka,biblioteekka,biblioteekkasõ,biblioteekad,biblioteekkijõ,biblioteekkiit,biblioteekkiisõ,biblioteekkiiz,
bil̕jardi,bil̕jardi,bil̕jardia,bil̕jardisõ,bil̕jardid,bil̕jardijõ,bil̕jardiit,bil̕jardiisõ,bil̕jardiiz,
biletti,bileti,bilettiä,bilettise,biletid,bilettije,bilettiit,bilettiise,bilettiiz,
biskvittõ,biskvita,biskvitta,biskvittasõ,biskvitõd,biskvittajõ,biskvittiit,biskvittiisõ,biskvittiiz,
bl̕aahõ,bl̕aaha,bl̕aaha,bl̕aahasõ,bl̕aahõd,bl̕aahojõ,bl̕aahoit,bl̕aahoisõ,bl̕aahoiz,
bl̕uud,bl̕uuda,bl̕uuda,bl̕uudasõ,bl̕uudõd,bl̕uudojõ,bl̕uudoit,bl̕uudoisõ,bl̕uudoiz,
bl̕uudõčk,bl̕uudõčka,bl̕uudõčka,bl̕uudõčkasõ,bl̕uudõčkõd,bl̕uudõčkojõ,bl̕uudõčkoit,bl̕uudõčkoisõ,bl̕uudõčkoiz,
bobrõ,bobra,bobra,bobrasõ,bobrõd,bobrojõ,bobroit,bobroisõ,bobroiz,pl gen jj aapõ järgi ise
bobuli,bobuli,bobulia,bobulisõ,bobulid,bobulijõ,bobuliit,bobuliisõ,bobuliiz,
bodroi,bodroi,bodroit,bodroisõ,bodroid,bodrojõ,bodroit,bodroisõ,bodroiz,adjektiiv?
bol̕nitts,bol̕nitsa,bol̕nittsa,bol̕nittsasõ,bol̕nitsõd,bol̕nittsojõ,bol̕nittsoit,bol̕nittsoisõ,bol̕nittsoiz,Laakso märkinud pl nom -ed
bombõ,bomba,bomba,bombasõ,bombõd,bombijõ,bombiit,bombiisõ,bombiiz,
boran,borana,borana,boranasõ,boranõd,boranojõ,boranoit,boranoisõ,boranoiz,
borkkanõ,borkkana,borkkana,borkkanasõ,barkkanõd,barkkanojõ,barkkanoit,barkkanoisõ,barkkanoiz,
borovikkõ,borovika,borovikka,borovikkasõ,borovikkad,borovikkojõ,borovikkoit,borovikkoisõ,borovikkoiz,
bruudõ,bruuda,bruuda,bruudasõ,bruudõd,bruudojõ,bruudoit,bruudoisõ,bruudoiz,
bruuss,bruusa,bruussa,bruussasõ,bruusõd,bruussijõ,bruussoit,bruussoisõ,bruussoiz,
bukvõ,bukva,bukva,bukvasõ,bukvõd,bukvijõd,bukviit,bukviisõ,bukviiz,
bul̕bukõz,bul̕bukka,bul̕bukassõ,bul̕bukkassõ,bul̕bukkad,bul̕bukkojõ,bul̕bukkait,bul̕bukkaisõ,bul̕bukkaiz,sg ill jj baabukõz järgi ise
bul̕joni,bul̕joni,bul̕jonia,bul̕jonisõ,bul̕jonid,bul̕jonijõ,bul̕joniit,bul̕joniisõ,bul̕joniiz,
bulipää,bulipää,bulipääte,bulipähäse,bulipääd,bulipäije,bulipäit,bulipäise,bulipäiz,
butkõ,budga,butka,butkasõ,budgõd,butkojõ,butkoit,butkoisõ,butkoiz,
čaaju,čaaju,čaajua,čaajusõ,čaajud,čaajujõ,čaajuit,čaajuisõ,čaajuiz,
čako,čago,čakkoa,čakkosõ,čagod,čakojõ,čakoit,čakoisõ,čakoiz,
čeeli,čeele,čeelte,čeelese,čeeled,čeelije,čeeliit,čeeliise,čeeliiz,
čello,čello,čelloa,čellosõ,čellod,čellojõ,čelloit,čelloisõ,čelloiz,
čenče,čennä,čenčä,čentsäse,čenned,čenčije,čenčiit,čenčiise,čenčiiz,
čerikko,čeriko,čerikkoa,čerikkosõ,čerikod,čerikkojõ,čerikkoit,čerikkoisõ,čerikkoiz,
česä,čezä,čessä,čessäse,čezäd,česije,česiit,česiise,česiiz,
čeväd,čevvä,čevätte,čevättese,čeväd,čevvije,čevviit,čevviise,čevviiz,
čimolain,čimolaize,čimolaissõ,čimolaissõ,čimolaizõd,čimolaisijõ,čimolaisiit,čimolaisiisõ,čimolaisiiz,
čirjavõ,čirjava,čirjava,čirjavasõ,čirjavõd,čirjavojõ,čirjavoit,čirjavoisõ,čirjavoiz,
čirjõ,čirja,čirja,čirjasõ,čirjõd,čirjojõ,čirjoit,čirjoisõ,čirjoiz,
čirkõz,čirkka,čirkassõ,čirkkasõ,čirkkad,čirkkajõ,čirkkait,čirkkaisõ,čirkkaiz,
čiutto,čiuto,čiuttoa,čiuttosõ,čiutod,čiuttojõ,čiuttoit,čiuttoisõ,čiuttoiz,
čivi,čive,čiviä,čivese,čived,čivije,čiviit,čiviise,čiviiz,
čämmel,čämmele,čämmelte,čämmeläse,čämmeled,čämmelije,čämmeliit,čämmeliise,čämmeliiz,
čärpein,čärpeize,čärpeisse,čärpeizese,čärpeized,čärpeizije,čärpeiziit,čärpeiziise,čärpeiziiz,
čäsi,čäe,čätte,čättese,čäed,čäsije,čässiit,čässiise,čässiiz,
čülme,čülmä,čülmä,čülmäse,čülmed,čülmije,čülmiit,čülmiise,čülmiiz,
čülä,čülä,čülä,čüläse,čüläd,čülije,čüliit,čüliise,čüliiz,
čümme,čümme,čümmenä,čümmenese,čümmed,čümmenije,čümmeniit,čümmeniise,čümmeniiz,
čümmenäz,čümmenettemä,čümmeneii,čümmenettemäse,čümmenettemäd,čümmenettemije,čümmenettemiit,čümmenettemiise,čümmenettemiiz,
d̕eelõ,d̕eela,d̕eela,d̕eelasõ,d̕eelõd,d̕eelojõ,d̕eeloit,d̕eeloisõ,d̕eeloiz,
d̕ivani,d̕ivani,d̕ivania,d̕ivanisõ,d̕ivanid,d̕ivanijõ,d̕ivaniit,d̕ivaniisõ,d̕ivaniiz,mida teha pl part -iit VS -oit lõppudega?
dobrõ,dobra,dobra,dobrasõ,dobrõd,dobrojõ,dobroit,dobroisõ,dobroiz,
dohtõri,dohtõri,dohtõria,dohtõrisõ,dohtõrid,dohtõrijõ,dohtõriit,dohtõriisõ,dohtõriiz,
dokumentti,dokumenti,dokumenttia,dokumenttise,dokumentid,dokumenttijõ,dokumenttiit,dokumenttiisõ,dokumenttiiz,
domovikkõ,domovika,domovikka,domovikkasõ,domovikad,domovikkojõ,domovikkoit,domovikkoisõ,domovikkoiz,
dovariššõ,dovariša,dovarišša,dovariššasõ,dovarišad,dovariššojõ,dovariššoit,dovariššoisõ,dovariššoiz,Laakso märkinud pl gen -je
durakkõ,duraka,durakka,durakkasõ,durakõd,durakkojõ,durakkoit,durakkoisõ,durakkoiz,
duumõ,duuma,duuma,duumasõ,duumõd,duumijõ,duumiit,duumiisõ,duumiiz,
dääde,däädä,däädä,däädäse,dääded,däädeje,däädeit,däädeise,däädeiz, Laakso märkinud ka tagapoolseid variante
eglin,eglize,eglisse,eglizese,eglized,eglizije,egliziit,egliziise,egliziiz, sg nom lõpp??
eine,einä,einä,einäse,eined,einije,einiit,einiise,einiiz,Laaksol on pl gen tagapoolne??
elo,elo,eloa,elosõ,elod,elojõ,eloit,eloisõ,eloiz,
emä,emä,emä,emäse,emäd,emije,emit,emise,emiz,Laaksol on pl gen tagapoolne??
enči,en̕n̕e,enčiä,enčese,en̕n̕ed,enčije,enčiit,enčiise,enčiiz,
entin,entize,entisse,entizese,entized,entizije,entiziit,entiziise,entiziiz, sg nom lõpp??
erne,erne,ernette,ernese,erned,erneje,erneit,erneise,erneiz,
esimein,esimeize,esimesse,esimeiseze,esimeized,esimeisije,esimeisiit,esimeisiise,esimeisiiz,
esimespäive,esimespäivä,esimesspäivä,esimeisepäivä,esimespäived,esimespäivije,esimespäiviit,esimespäiviise,esimespäiviiz,
fabrikantti,fabrikanti,fabrikanttia,fabrikanttisõ,fabrikantid,fabrikanttijõ,fabrikanttiit,fabrikanttiisõ,fabrikanttiiz,
fal̕šši,fal̕ši,fal̕ššia,fal̕ššisõ,fal̕šid,fal̕ššijõ,fal̕ššiit,fal̕ššiisõ,fal̕ššiiz,
famil̕,famil̕a,famil̕a,famil̕asõ,famil̕õd,familojõ,familoit,familoisõ,familoiz,
farfori,farfori,farforia,farforisõ,farforid,farforijõ,farforiit,farforiisõ,farforiiz,
fartukkõ,fartuka,fartukka,fartukkasõ,fartukõd,fartukkojõ,fartukkoit,fartukkoisõ,fartukkoiz,
fartõl,fartõla,fartõla,fartõltasõ,fartõlõd,fartõlojõ,fartõloit,fartõloisõ,fartõloiz,
fialk,fialka,fialka,fialkasõ,fialkõd,fialkojõ,fialkoit,fialkoisõ,fialkoiz,
figur,figura,figura,figurasõ,figurõd,figurojõ,figuroit,figuroisõ,figuroiz,
fiizikkõ,fiizika,fiizikka,fiizikkasõ,fiizikõd,fiizikkojõ,fiizikkoit,fiizikkoisõ,fiizikkoiz,
filmõ,filma,filma,filmasõ,filmõd,filmojõ,filmoit,filmoisõ,filmoiz,
flakku,flaku,flakkua,flakkusõ,flakud,flakkujõ,flakkuit,flakkuisõ,flakkuiz,
flaneli,flaneli,flanelia,flanelisõ,flanelid,flanelijõ,flaneliit,flaneliisõ,flaneliiz,
fookusnik,fookusnika,fookusnikka,fookusnikkasõ,fookusnikad,fookusnikkojõ,fookusnikkoit,fookusnikkoisõ,fookusnikkoiz,
formõ,forma,forma,formasõ,formõd,formijõ,formiit,formiisõ,formiiz,
fortočk,fortočka,fortočka,fortočkasõ,fortočkõd,fortočkojõ,fortočkoit,fortočkoisõ,fortočkoiz,
fotokartočka,fotokartočka,fotokartočka,fotokartočkasõ,fotokartočkad,fotokartočkajõ,fotokartočkoit,fotokartočkoisõ,fotokartočkoiz,
fraak,fraaki,fraakkia,fraakki,fraakid,fraakkijõ,fraakkiit,fraakkiisõ,fraakkiiz,
Franttsi,Frantsi,Franttsia,Franttsisõ,Frantsid,Franttsijõ,Franttsiit,Franttsiisõ,Franttsiiz,
frikad̕el̕k,frikad̕el̕ka,frikad̕el̕ka,frikad̕el̕kasõ,frikad̕el̕kid,frikad̕el̕kojõ,frikad̕el̕koit,frikad̕el̕koisõ,frikad̕el̕koiz,
frištikkõ,frištika,frištikka,frištikkasõ,frištikõd,frištikkojõ,frištikkoit,frištikkoisõ,frištikkoiz,
fundamentti,fundamenti,fundamenttia,fundamentti,fundamentid,fundamenttijõ,fundamenttit,fundamenttisõ,fundamenttiz,
fökle,föklä,föklä,fökläse,fökled,föklije,fökliit,fökliise,fökliiz,
gaazapliittõ,gaazapliita,gaazapliitta,gaazapliittasõ,gaazapliitad,gaazapliittajõ,gaazapliitoit,gaazapliitoisõ,gaazapliitoiz,
galstukki,galstuki,galstukkia,galstukkisõ,galstukid,galstukkijõ,galstukkiit,galstukkiisõ,galstukkiiz,
gimnazi,gimnazi,gimnazia,gimnazisõ,gimnazid,gimnazijõ,gimnaziit,gimnaziisõ,gimnaziiz,
gitari,gitrai,gitaria,gitarisõ,gitarid,gitarijõ,gitariit,gitariisõ,gitariiz,
glaizõ,glaiza,glaiza,glaizasõ,glaizõd,glaizojõ,glaizoit,glaizoisõ,glaizoiz,
glazi,glazi,glazia,glazisõ,glazid,glazijõ,glaziit,glaziisõ,glaziiz,
golod,goloda,goloda,golodasõ,golodõd,golodojõ,golodoit,golodoisõ,golodoiz,Laakso märkinud sg ill -se
grammõ,gramma,gramma,grammasõ,grammõd,grammojõ,grammoit,grammoisõ,grammoiz,
grana,grana,grana,granasõ,granad,granojõ,granoit,granoisõ,granoiz,
greebeni,greebeni,greebeniä,greebenise,greebenid,greebenije,greebeniit,greebeniise,greebeniiz,
greekklain,greekklaizõ,greekklaissõ,greekklaisõ,greekklaizõd,greekklaisijõ,greekklaisiit,greekklaisiisõ,greekklaisiiz,
greettsin,greettsina,greettsina,greettsinasõ,greettsinõd,greettsinojõ,greettsinoit,greettsinoisõ,greettsinoiz,
griba,griba,griba,gribasõ,gribad,gribojõ,griboit,griboisõ,griboiz,
gribanikka,gribanika,gribanikka,gribanikkasõ,gribanikad,gribanikkojõ,gribanikkoit,gribanikkoisõ,gribanikkoiz,
gribavihmõ,gribavihma,gribavihma,gribavihmasõ,gribavihmõd,gribavihmojõ,gribavihmoit,gribavihmoisõ,gribavihmoiz,
gupk,gupka,gupka,gupkasõ,gupkõd,gupkojõ,gupkoit,gupkoisõ,gupkoiz,Laakso märkinud ka -i- (ilma -oi-) variandid
haadu,haadu,haadua,haadusõ,haadud,haadujõ,haaduit,haaduisõ,haaduiz,
haili,haili,hailia,hailisõ,hailid,hailijõ,hailiit,hailiisõ,hailiiz,oma rekonstr ̕glazi̕ järgi
haisu,haizu,haisua,haisusõ,haizud,haisujõ,haisuit,haisuisõ,haisuiz,
hammõz,hampa,hammassõ,hampasõ,hampad,hampajõ,hampait,hampaisõ,hampaiz, nagu lammõz
hapo,hapo,happoa,happosõ,hapod,happojõ,happoit,happoisõ,happoiz,
harakkõ,haraka,harakka,harakkasõ,harakõd,harakkojõ,harakkoit,harakkoisõ,harakkoiz,
harma,harma,harmatõ,harmasõ,harmad,harmojõ,harmoit,harmoisõ,harmoiz,
hattu,hatu,hattua,hattusõ,hatud,hattujõ,hattuit,hattuisõ,hattuiz,
hatukkõin,hatukkõizõ,hatukkõissõ,hatukkõizõsõ,hatukkõizõd,hatukkõisijõ,hatukkõisiit,hatukkõisiisõ,hatukkõisiiz,
heeno,heeno,heenoa,heenosõ,heenod,heenojõ,heenoit,heenoisõ,heenoiz,
helsengi,helsengi,helsengiä,helsengise,helsengid,helsengije,helsengiit,helsengiise,helsengiiz,
herkku,herku,herkkua,herkkusõ,herkud,herkkujõ,herkkuit,herkkuisõ,herkkuiz,
hlaamu,hlaamu,hlaamua,hlaamusõ,hlaamud,hlaamujõ,hlaamuit,hlaamuisõ,hlaamuiz,
hoikkõ,hoika,hoikka,hoikkasõ,hoikõd,hoikkijõ,hoikkiit,hoikkiisõ,hoikkiiz,
hooli,hoolõ,hooltõ,hoolõsõ,hoolõd,hoolijõ,hooliit,hooliisõ,hooliiz,
hoolitoi,hoolitoi,hoolitoit,hoolitoisõ,hoolitoid,hoolitojõ,hoolitoit,hoolitoisõ,hoolitoiz,
häülütüs,häülütüse,häülütüsse,häülütüssee,häülütüsed,häülütüssije,häülütüssiit,häülütüssiise,häülütüssiiz,
hüppü,hüpü,hüppüa,hüppüse,hüpüd,hüppüje,hüppüit,hüppüise,hüppüiz,
ičä,iä,iččä,iččäse,iäd,ičije,ičiit,ičiise,ičiiz,
ičäv,ičävä,ičävä,ičäväse,ičäved,ičävije,ičäviit,ičäviise,ičäviiz,
iiri,iire,iirte,iirese,iired,iirije,iiriit,iiriise,iiriiz,
iirikkõin,iirikkõizõ,iirikkõissõ,iirikkõisõ,iirikkõizõd,iirikkõisijõ,iirikkõisiit,iirikkõisiisõ,iirikkõisiiz,
iivõ,iiva,iiva,iivasõ,iivõd,iivojõ,iivoit,iivoisõ,iivoiz,
ikolookkõ,ikolooka,ikolookka,ikolookkasõ,ikolookõd,ikolookkijõ,ikolookkiit,ikolookkiisõ,ikolookkiiz,
il̕l̕õkkõin,il̕l̕õkkõizõ,il̕l̕õkkõissõ,il̕l̕õkkõisõ,il̕l̕õkkõizõd,il̕l̕õkkõisijõ,il̕l̕õkkõisiit,il̕l̕õkkõisiisõ,il̕l̕õkkõisiiz,
ilka,ilka,ilkat,ilkasõ,ilkad,ilkajõ,ilkait,ilkaisõ,ilkaiz,
ilmõ,ilma,ilma,ilmasõ,ilmõd,ilmijõ,ilmiit,ilmiisõ,ilmiiz,
ilo,ilo,iloa,ilosõ,ilod,ilojõ,iloit,iloisõ,iloiz,
iloin,iloisõ,iloissõ,iloizõsõ,iloizõd,iloizijõ,iloisiit,iloisiisõ,iloisiiz,
inimin,inimize,inimisse,inimizese,inimized,inimisije,inimisiit,inimisiise,inimisiiz,TODO mujal ka ühtlustada sg part ja sg ill (-isse:-izese)
inostrantts,inostrantsa,inostranttsa,inostranttsasõ,inostrantsõd,inostranttsojõ,inostranttsoit,inostranttsoisõ,inostranttsoiz,
inspektori,inspektori,inspektoria,inspektorisõ,inspektorid,inspektorijõ,inspektoriit,inspektoriisõ,inspektoriiz,
invaliid,invaliida,invaliida,invaliidasõ,invaliidõd,invaliidojõ,invaliidoit,invaliidoisõ,invaliidoiz,
irvi,irve,irviä,irvese,irved,irvije,irviit,irviise,irviiz,
irvieine,irvieinä,irvieinä,irvieinäse,irvieined,irvieinije,irvieiniit,irvieiniise,irvieiniiz,
ižora,ižora,ižora,ižorasõ,ižorad,ižorijõ,ižoriit,ižoriisõ,ižoriiz,
itikkõ,itika,itikka,itikkase,itikõd,itikkojõ,itikkoit,itikkoisõ,itikkoiz,
itku,idgu,itkua,itkusõ,idgud,itkujõ,itkuit,itkuisõ,itkuiz,
itkuri,itkuri,itkuria,itkurisõ,itkurid,itkurijõ,itkuriit,itkuriisõ,itkuriiz,
ivusõd,ivussijõ,ivussiit,ivussisõ,ivusõd,ivussijõ,ivussiit,ivussiisõ,ivussiiz,
ivuz,ivusõ,ivussõ,ivussõ,ivusõd,ivussijõ,ivussiit,ivussiisõ,ivussiiz,
jaani,jaani,jaania,jaanisõ,jaanid,jaanijõ,jaaniit,jaaniisõ,jaaniiz,
jaanikukkõ,jaanikuka,jaanikukka,jaanikukkasõ,jaanikukad,jaanikukkijõ,jaanikukkiit,jaanikukkiisõ,jaanikukkiiz,
jalgõz,jalgõsõ,jalgõssõ,jalgõssõ,jalgõsõd,jalgõssijõ,jalgõssiit,jalgõssiisõ,jalgõssiiz,
jalkõ,jalga,jalka,jalkasõ,jalgõd,jalkojõ,jalkoit,jalkoisõ,jalkoiz,
javo,javo,javoa,javosõ,javod,javojõ,javoit,javoisõ,javoiz,
jevi,jevi,jeviä,jevise,jevid,jevije,jeviit,jeviise,jeviiz,
jevikõz,jevikka,jevikõssõ,jevikkasõ,jevikkad,jevikkajõ,jevikkait,jevikkaisõ,jevikkaiz,TODO kas kõik -kõz on pl nom tugevas astmes?
joožikkõ,joožika,joožikka,joožikkasõ,joožikõd,joožikkijõ,joožikoit,joožikoisõ,joožikoiz,
jumalõ,jumala,jumala,jumalasõ,jumalõd,jumalojõ,jumaloit,jumaloisõ,jumaloiz,
jumõ,jumõ,jumõttõ,jumõsõ,jumõd,jumijõ,jumiit,jumiisõ,jumiiz,
jupkõ,jubga,jupka,jupkasõ,jubgõd,jupkijõ,jupkiit,jupkiisõ,jupkiiz, Laaksol ka -oi- variant märgitud
jurmõ,jurma,jurma,jurmasõ,jurmõd,jurmojõ,jurmoit,jurmoisõ,jurmoiz,
juttu,jutu,juttua,juttusõ,jutud,juttujõ,juttuit,juttuisõ,juttuiz,
juuri,juurõ,juurt,juurtõsõ,juurõd,juurijõ,juuriit,juuriisõ,juuriiz,
jõkain,jõkaizõ,jõkaissõ,jokaizõsõ,jokaizõd,jokaisijõ,jokaisiit,jokaisiisõ,jokaisiiz,
jõki,jõgõ,jõkkia,jõkkõsõ,jõgõd,jõkkijõ,jõkkiit,jõkkiisõ,jõkkiiz,
jõkilikko,jõkiliko,jõkilikko,jõkilikkosõ,jõkilikod,jõkilikkojõ,jõkilikkoit,jõkilikkoisõ,jõkilikkoiz,
jõulu,jõulu,jõulua,jõulusõ,jõulud,jõulujõ,jõuluit,jõuluisõ,jõuluiz,
jõutu,jõvvu,jõutua,jõutusõ,jõvvud,jõutujõ,jõutuit,jõutuisõ,jõutuiz,
jäin,jäize,jäisse,jäizese,jäized,jäisije,jäisiit,jäisiise,jäisiiz,
jälči,jälle,jälčiä,jälčese,jälled,jälčije,jälčiit,jälčiise,jälčiiz,
jämiä,jämiä,jämiät,jämiäse,jämiäd,jämije,jämiit,jämiise,jämiiz,nagu peh̕miä
jänez,jänese,jänesse,jänesse,jänesed,jänessije,jänessiit,jänessiise,jänessiiz,
järčü,järjü,järčüa,järčüse,järjüd,järčüje,järčüit,järčüise,järčüiz,
järvi,järve,järviä,järvese,järved,järvije,järviit,järviise,järviiz,
jürü,jürü,jürüä,jürüse,jürüd,jürüje,jürüit,jürüise,jürüiz,
kaamenšikka,kaamenšika,kaamenšikka,kaamenšikkasõ,kaamenšikad,kaamenšikkojõ,kaamenšikkoit,kaamenšikkoisõ,kaamenšikkoiz,
kaani,kaani,kaant,kaanõsõ,kaanõd,kaanijõ,kaaniit,kaaniisõ,kaaniiz,
kaappi,kaapi,kaappia,kaappisõ,kaapid,kaappijõ,kaappiit,kaappiisõ,kaappiiz,
kaask,kaazga,kaaska,kaazkasõ,kaazgõd,kaaskoje,kaaskoit,kaaskoisõ,kaaskoiz,
kaatsõd,kaattsojõ,kaattsoit,kaattsoisõ,kaatsõd,kaatsojõ,kaattsoit,kaattsoisõ,kaattsoiz,TODO plurale tantum üldistada mujale ka
kabakkõ,kabaka,kabakka,kabakkasõ,kabakõd,kabakkojõ,kabakkoit,kabakkoisõ,kabakkoiz,
kaban,kabana,kabana,kabanasõ,kabanad,kabanojõ,kabanoit,kabanoisõ,kabanoiz,
kabjõ,kabja,kaba,kabjasõ,kabjõd,jabjojõ,kabjoit,kabjoisõ,kabjoiz,
kagluz,kaglusõ,kaglussõ,kaglussõ,kaglusõd,kaglussijõ,kaglussiit,kaglussiisõ,kaglussiiz,
kaglõ,kagla,kagla,kaglasõ,kaglõd,kaglojõ,kagloit,kagloisõ,kagloiz,
kagrõ,kagra,kagra,kagrasõ,kagrõd,kagrojõ,kagroit,kagroisõ,kagroiz,
kahs,kahõ,kaht,kahtõ,kahõd,kahsijõ,kahsiit,kahsiisõ,kahsiiz,TODO lisada teised numbrid ka
kahu,kahu,kahua,kahusõ,kahud,kahujõ,kahuit,kahuisõ,kahuiz,
kahõsa,kahõssõmõ,kahõssõma,kahõssõmasõ,kahõssõmad,kahõssõmijõ,kahõssõmiit,kahõssõmiisõ,kahõssõmiiz,kuidas? nagu kuuvvaiz
kajagõ,kajaga,kajaga,kajagasõ,kajagõd,kajagojõ,kajagoit,kajagoisõ,kajagoiz,
kajutti,kajuti,kajuttia,kajuttisõ,kajutid,kajuttijõ,kajuttiit,kajuttiisõ,kajuttiiz,
kakko,kako,kakkoa,kakkosõ,kakod,kakkojõ,kakkoit,kakkoisõ,kakkoiz,
kakku,kaku,kakkua,kakkusõ,kakud,kakkujõ,kakkuit,kakkuisõ,kakkuiz,
kal̕indora,kal̕indora,kal̕indora,kal̕indorasõ,kal̕indorad,kal̕indorõjõ,kal̕indorõit,kal̕indorõisõ,kal̕indorõiz,
kala,kala,kala,kalasõ,kalad,kalojõ,kaloit,kaloisõ,kaloiz,
kalliz,kalli,kallissõ,kallisõ,kallid,kallejõ,kalleit,kalleisõ,kalleiz,TODO pl part tüvevokaal?
kalmo,kalmo,kalmoa,kalmosõ,kalmod,kalmojõ,kalmoit,kalmoisõ,kalmoiz,
kalttõin,kalttõizõ,kalttõiss,kalttõizõsõ,kalttõizõd,kalttõizijõ,kalttõiziit,kalttõiziisõ,kalttõiziiz,
kamal,kamala,kamala,kamalasõ,kamalõd,kamalojõ,kamaloit,kamaloisõ,kamaloiz,
kamal̕ikka,kamal̕ika,kamal̕ikka,kamal̕ikkasõ,kamal̕ikõd,kamal̕ikkojõ,kamal̕ikkoit,kamal̕ikkoisõ,kamal̕ikkoiz,TODO -lik üldistada mujalt?
kambõlõ,kambõla,kambõla,kambõlasõ,kambõlõd,kambõlojõ,kambõloit,kambõloisõ,kambõloiz,
kametti,kameti,kamettia,kamettisõ,kametid,kamettijõ,kamettiit,kamettiisõ,kamettiiz,
kamin,kamina,kamina,kaminasõ,kaminõd,kaminojõ,kaminoit,kaminoisõ,kaminoiz,
kammõri,kammõri,kammõria,kammõrisõ,kammõrid,kammõrijõ,kammõriit,kammõriisõ,kammõriiz,
kana,kana,kana,kanasõ,kanad,kanojõ,kanoit,kanoisõ,kanoiz,
kanal,kanala,kanala,kanalasõ,kanalõd,kanalojõ,kanaloit,kanaloisõ,kanaloiz,
kanavõ,kanava,kanava,kanavasõ,kanavõd,kanavojõ,kanavoit,kanavoisõ,kanavoiz,
kand̕idaat,kand̕idaata,kand̕idaatta,kand̕idaattasõ,kand̕idaatõd,kand̕idaattojõ,kand̕idaattoit,kand̕idaattoisõ,kand̕idaattoiz,
kanfetti,kanfeti,kanfettia,kanfettisõ,kanfetid,kanfettijõ,kanfettiit,kanfettiisõ,kanfettiiz,
kangõz,kanka,kangõssõ,kankasõ,kankad,kankajõ,kankait,kankaisõ,kankaiz,
kanka,kanka,kankat,kankasõ,kankad,kankajõ,kankait,kankaisõ,kankaiz,
kanki,kangõ,kankia,kankõ,kangõd,kankijõ,kankiit,kankiisõ,kankiiz,
kannõl,kannõlõ,kannõlt,kannõlasõ,kannõlõd,kannõlijõ,kannõliit,kannõliisõ,kannõliiz,TODO vaata üle a-õ
kant,kanna,kanta,kantasõ,kannõd,kantojõ,kantoit,kantoisõ,kantoiz,
kanto,kanno,kantoa,kantosõ,kannod,kantojõ,kantoit,kantoisõ,kantoiz,TODO vaata üle tüvevokaal (vrd kant:kanna sõna oma)
kapussõ,kapusa,kapussa,kapussasõ,kapusõd,kapussojõ,kapussoit,kapussoisõ,kapussoiz,
karjušši,karjuši,karjuššia,karjuššisõ,karjušid,karjuššijõ,karjuššiit,karjuššiisõ,karjuššiiz,
karjõ,karja,karja,karjasõ,karjõd,jarjojõ,karjoit,karjoisõ,karjoiz,
karu,karu,karua,karusõ,karud,karujõ,karuit,karuisõ,karuiz,
kassõ,kassa,kassa,kassasõ,kassõd,kassojõ,kassoit,kassoisõ,kassoiz,
kasõ,kassõ,kasõttõ,kassõsõ,kassõd,kassõjõ,kassõit,kassõisõ,kassõiz,
katagõ,kataga,kataga,katagasõ,katagõd,katagojõ,katagoit,katagoisõ,katagoiz,
katol̕ikk,katol̕ika,katol̕ikka,katol̕ikkasõ,katol̕ikad,katol̕ikkojõ,katol̕ikkoit,katol̕ikkoisõ,katol̕ikkoiz,
katti,kati,kattia,kattisõ,katid,kattijõ,kattiit,kattiisõ,kattiiz,
katto,kato,kattoa,kattosõ,katod,kattojõ,kattoit,kattoisõ,kattoiz,
katõ,kattõ,katõttõ,kattõsõ,kattõd,kattõjõ,kattõit,kattõisõ,kattõiz,
kauniz,kaune,kaunissõ,kaunese,kauned,kaunejõ,kauneit,kauneisõ,kauneiz,
kauppõ,kaupa,kauppa,kauppasõ,kaupõd,kauppojõ,kauppoit,kauppoisõ,kauppoiz,
kavalõ,kavala,kavala,kavalasõ,kavalõd,kavalojõ,kavaloit,kavaloisõ,kavaloiz,
kavoluz,kavalusõ,kavalussõ,kavalussõ,kavalusõd,kavalussijõ,kavalussiit,kavalussiisõ,kavalussiiz,
kaõ,kaõ,kaõttõ,kaõsõ,kaõd,kaõjõ,kaõit,kaõisõ,kaõiz,
kehno,kehno,kehnoa,kehnosõ,kehnod,kehnojõ,kehnoit,kehnoisõ,kehnoiz,
kehnokkõin,kehnokkõizõ,kehnokkõissõ,kehnokkõisõ,kehnokkõizõd,kehnokkijõ,kehnokkõit,kehnokkõisõ,kehnokkõiz,TODO õ muutub -ijõ pl gen
kelkk,kelka,kelkka,kelkkasõ,kelkõd,kelkkojõ,kelkkoit,kelkkoisõ,kelkkoiz,
kerkä,kerkä,kerkät,kerkäse,kerkäd,kerkije,kerkiit,kerkiise,kerkiiz,
keskolin,keskolizõ,keskolissõ,keskolizõsõ,keskolizõd,keskolisijõ,keskoliziit,keskoliziisõ,keskoliziiz,
kiikeri,kiikeri,kiikeriä,kiikerise,kiikerid,kiikerije,kiikeriit,kiikeriise,kiikeriiz,
kiikku,kiiku,kiikkua,kiikkusõ,kiikud,kiikkujõ,kiikkuit,kiikkuisõ,kiikkuiz,
kiisseli,kiisseli,kiisseliä,kiisselise,kiisselid,kiisselije,kiisseliit,kiisseliise,kiisseliiz,
kippu,kipu,kippua,kippusõ,kipud,kippujõ,kippuit,kippuisõ,kippuiz,
kipun,kipuna,kipuna,kipunasõ,kipunõd,kipunojõ,kipunoit,kipunoisõ,kipunoiz,
kirstu,kirstu,kirstua,kirstusõ,kirstud,kirstujõ,kirstuit,kirstuisõ,kirstuiz,
kitai,kitaja,kitaja,kitajasõ,kitajad,kitajojõ,kitajoit,kitajoisõ,kitajoiz,
kittsi,kitsi,kittsiä,kittsise,kitsid,kittsije,kittsiit,kittsiise,kittsiiz,
klaass,klaasa,klaassa,klaassasõ,klaasõd,klaassojõ,klaassoit,klaassoisõ,klaassoiz,
kluub,kluuba,kluuba,kluubasõ,kluubõd,kluubojõ,kluuboit,kluuboisõ,kluuboiz,
koffi,kofi,koffia,koffisõ,kofid,koffijõ,koffiit,koffiisõ,koffiiz,mida teha lühikese illatiiviga kui see on ainus antud vorm?
kohin,kohina,kohina,kohinasõ,kohinõd,kohinojõ,kohinoit,kohinoisõ,kohinoiz,
koi,koi,koit,koisõ,koid,koijõ,koit,koisõ,koiz,
koirõ,koira,koira,koirasõ,koirõd,koirijõ,koiriit,koiriisõ,koiriiz,
koivu,koivu,koivua,koivusõ,koivud,koivujõ,koivuit,koivuisõ,koivuiz,
koivuin,koivuizõ,koivuissõ,koivuizõsõ,koivuizõd,koivuizijõ,koivuiziit,koivuiziisõ,koivuiziiz,
kokki,koki,kokkia,kokkisõ,kokid,kokkijõ,kokkiit,kokkiisõ,kokkiiz,
kolaus,kolausõ,kolaussõ,kolaussõ,kolausõd,kolaussijõ,kolaussiit,kolaussiisõ,kolaussiiz,
kolkki,kolki,kolkkia,kolkkisõ,kolkid,kolkkijõ,kolkkiit,kolkkiisõ,kolkkiiz,
kolkku,kolku,kolkkua,kolkkusõ,kolkud,kolkkujõ,kolkkuit,kolkkuisõ,kolkkuiz,
kolkkõ,kolka,kolkka,kolkkasõ,kolkõd,kolkkijõ,kolkkiit,kolkkiisõ,kolkkiiz,
komett,kometi,komettia,kometti,kometid,komettijõ,komettiit,komettiisõ,komettiiz,
komferenttsi,komferentsi,komferenttsiä,komferenttsi,komferentsid,komferenttsije,komferenttsiit,komferenttsiise,komferenttsiiz,
komfetti,komfeti,komfettia,komfetti,kmfetid,komfettijõ,komfettiit,komfettiisõ,komfettiiz,
komissi,komisi,komissia,komissisõ,komisid,komissijõ,komissiit,komissiisõ,komissiiz,
komit̕et,komit̕eti,komit̕ettiä,komit̕etti,komit̕etid,komit̕ettije,komit̕ettiit,komit̕ettiise,komit̕ettiiz,
komnõtti,komnõti,komnõttia,komnõttisõ,komnõtid,komnõttijõ,komnõttiit,komnõttiisõ,komnõttiiz,
kompjutera,kompjutera,kompjutera,kompjuterasõ,kompjuterad,kompjuterijõ,kompjuteriit,kompjuteriisõ,kompjuteriiz,
kon̕jõkkõ,kon̕jõka,kon̕jõkka,kon̕jõkkasõ,kon̕jõkad,kon̕jõkkijõ,kon̕jõkkiit,kon̕jõkkiisõ,kon̕jõkkiiz,
kongressi,kongressi,kongressia,kongressi,kongressid,kongressijõ,kongressiit,kongressiisõ,kongressiiz,
konno,konno,konnoa,konnosõ,konnod,konnojõ,konnoit,konnoisõ,konnoiz,
konnõ,konna,konna,konnasõ,konnõd,konnijõ,konniit,konniisõ,konniiz,
koollud,koollõ,koolluttõ,koollõsõ,koollõd,koollujõ,koolluit,koolluisõ,koolluiz,
koomikk,koomika,koomikka,koomikkasõ,koomikõd,koomikkojõ,koomikkoit,koomikkoisõ,koomikkoiz,
koori,koore,kooria,kooresõ,koorõd,koorijõ,kooriit,kooriisõ,kooriiz,
koorrõ,koorrõ,koorrõt,koortõsõ,koorrõd,koortõjõ,koortõit,koortõisõ,koortõiz,
kopekkõ,kopeka,kopekka,kopekkasõ,kopekõd,kopekkojõ,kopekkoit,kopekkoisõ,kopekkoiz,
kotko,kodgo,kotkoa,kotkosõ,kodgod,kotkojõ,kotkoit,kotkoisõ,kotkoiz,
koto,koo,kottoa,kottosõ,kood,kotojõ,kotoit,kotoisõ,kotoiz,
kraaskõ,kraazga,kraaska,kraaskasõ,kraazgõd,kraaskojõ,kraaskoit,kraaskoisõ,kraaskoiz,
krõškõ,krõzga,krõška,krõškasõ,krõzgõd,krõškijõ,krõškiit,krõškiisõ,krõškiiz,-i-mitmused nagu ̕poikõ̕
kuha,kuha,kuhha,kuhhasõ,kuhõd,kuhhijõ,kuhhiit,kuhhiisõ,kuhhiiz,ka sg ill tugeva vormi põhjal?
kuhjõ,kuhja,kuhja,kuhjasõ,kuhjõd,kuhjijõ,kuhjiit,kuhjiisõ,kuhjiiz,
kuhni,kuhni,kuhnia,kuhnisõ,kuhnid,kuhnijõ,kuhniit,kuhniisõ,kuhniiz,
kuivõ,kuiva,kuiva,kuivasõ,kuivõd,kuivijõ,kuiviit,kuiviisõ,kuiviiz,
kuja,kuja,kuja,kujasõ,kujad,kujijõ,kujiit,kujiisõ,kujiiz,
kukko,kuko,kukkoa,kukkosõ,kukod,kukkojõ,kukkoit,kukkoisõ,kukkoiz,
kukkõ,kuka,kukka,kukkasõ,kukad,kukkijõ,kukkiit,kukkiisõ,kukkiiz,
kult,kulla,kulta,kultasõ,kullõd,kultõjõ,kultõit,kultõisõ,kultõiz,
kultõin,kultõizõ,kultõissõ,kultõizõsõ,kultõizõd,kultõizijõ,kultõiziit,kultõiziisõ,kultõiziiz,
kummõ,kumma,kumma,kummasõ,kummõd,kummijõ,kummiit,kummiisõ,kummiiz,
kumpõ,kumma,kumpa,kumpasõ,kummõd,kumpijõ,kumpit,kumpisõ,kumpiz,
kurki,kurgõ,kurkia,kurkõsõ,kurgõd,kurkijõ,kurkiit,kurkiisõ,kurkiiz,
kurkku,kurku,kurkkua,kurkkusõ,kurkud,kurkkujõ,kurkuit,kurkuisõ,kurkuiz,
kurp,kurva,kurpa,kurpasõ,kurvõd,kurpijõ,kurpiit,kurpiisõ,kurpiiz,
kursi,kurzi,kursia,kursisõ,kurzid,kursijõ,kursiit,kursiisõ,kursiiz,
kusi,kuzõ,kussõ,kussõ,kuzõd,kussijõ,kussiit,kussiisõ,kussiiz,
kuto,kuttõ,kuõtt,kuttõ,kuttõd,kuttõjõ,kuttõit,kuttõisõ,kuttõiz,
kuttsu,kutsu,kuttsua,kuttsu,kutsud,kuttsujõ,kuttsuit,kuttsuisõ,kuttsuiz,
kuu,kuu,kuut,kuusõ,kuud,kuijõ,kuit,kuisõ,kuiz,nagu luu
kuuluvõ,kuuluva,kuuluva,kuuluvasõ,kuuluvõd,kuuluvijõ,kuuluviit,kuuluviisõ,kuuluviiz,
kuus,kuuvvõ,kuuttõ,kuuvvõsõ,kuuvvõd,kuusiijõ,kuusiit,kuusiisõ,kuusiiz,nagu uusi
kuusi,kuuzõ,kuussõ,kuussisõ,kuuzõd,kuusijõ,kuusiit,kuusiisõ,kuusiiz,
kuuzikko,kuuziko,kuuzikkoa,kuuzikko,kuuzikod,kuuzikkojõ,kuuzikkoit,kuuzikkoisõ,kuuzikkoiz,
kuuvvaiz,kuuvvõttõma,kuuvvõt,kuuvvõttõmasõ,kuuvvõttõmad,kuuvvõttõmijõ,kuuvvõttõmiit,kuuvvõttõmiisõ,kuuvvõttõmiiz,
kuõ,kuttõ,kuõttõ,kuttõsõ,kuttõd,kuttõjõ,kuttõit,kuttõisõ,kuttõiz,pole märgitud pl nom vorm ̕kuõd̕
kvartirõ,kvartira,kvartira,kvartirasõ,kvartirõd,kvartirojõ,kvartiroit,kvartiroisõ,kvartiroiz,sg nom -õ?
kõik,kõika,kõikka,kõikkasõ,kõikõd,kõikkijõ,kõikkiit,kõikkiisõ,kõikkiiz,
kõikõllain,kõikõllaizõ,kõikõllaissõ,kõikõllaisõ,kõikõllaizõd,kõikõllaisijõ,kõikõllaisiit,kõikõllaisiisõ,kõikõllaisiiz,
kõlmaz,kõlmõttõma,kõlmaissõ,kõlmõttõmasõ,kõlmõttõmad,kõlmõttõmijõ,kõlmõttõmiit,kõlmõttõmiisõ,kõlmõttõmiiz,
kõlmõd,kõlmõ,kõlma,kõlmõsõ,kõlmõd,kõlmijõ,kõlmiit,kõlmiisõ,kõlmiiz,
kõltõin,kõltõizõ,kõltõissõ,kõltõizõsõ,kõltõizõd,kõltõizijõ,kõltõiziit,kõltõiziisõ,kõltõiziiz,TODO vaata üle zijõ:sijõ ja iziit:isiit
kõrka,kõrka,kõrkat,kõrkasõ,kõrkad,kõrkijõ,kõrkiit,kõrkiisõ,kõrkiiz,ka -ai- mitmusega
kõrtõ,kõrra,kõrta,kõrtasõ,kõrrõd,kõrtojõ,kõrtoit,kõrtoisõ,kõrtoiz,
kõrvõ,kõrva,kõrva,kõrvasõ,kõrvõd,kõrvijõ,kõrviit,kõrviisõ,kõrviiz,
kõrvõlin,kõrvõlizõ,kõrvõlissõ,kõrvõlizõsõ,kõrvõlizõd,kõrvõlisijõ,kõrvõlisiit,kõrvõlisiisõ,kõrvõlisiiz,
kõva,kõva,kõvat,kõvasõ,kõvad,kõvijõ,kõviit,kõviisõ,kõviiz,
köühä,köühä,köühä,köühäse,köühed,köühije,köühiit,köühiise,köühiiz,
l̕ihoratk,l̕ihoratka,l̕ihoratka,l̕ihoratkasõ,l̕ihoratkõd,l̕ihoratkojõ,l̕ihoratkoit,l̕ihoratkoisõ,l̕ihoratkoiz,
l̕iitkõ,l̕iidga,l̕iitka,l̕iitkasõ,l̕iidõd,l̕iikojõ,l̕iitkoit,l̕iitkoisõ,l̕iitkoiz,
l̕innõz,l̕innõsõ,l̕innõssõ,l̕innõssõ,l̕innõsõd,l̕innõssijõ,l̕innõssiit,l̕innõssiisõ,l̕innõssiiz,
l̕istõ,l̕ista,l̕ista,l̕istasõ,l̕istõd,l̕istojõ,l̕istoit,l̕istoisõ,l̕istoiz,
laatko,laadgo,laatkoa,laatkosõ,laadgod,laatkojõ,laatkoit,laatkoisõ,laatkoiz,
laatto,laato,laattoa,laattosõ,laatod,laattojõ,laattoit,laattoisõ,laattoiz,
lad̕d̕uz,lad̕d̕usõ,lad̕d̕ussõ,lad̕d̕ussõ,lad̕d̕usõd,lad̕d̕ussijõ,lad̕d̕ussiit,lad̕d̕ussiisõ,lad̕d̕ussiiz,ühtlustada sg nom -uz (mitte -us)
lad̕d̕õ,lad̕d̕a,lad̕d̕a,lad̕d̕asõ,lad̕d̕õd,lad̕d̕ojõ,lad̕d̕oit,lad̕d̕oisõ,lad̕d̕oiz,
ladvõ,ladva,ladva,ladvasõ,ladvõd,ladvojõ,ladvoit,ladvoisõ,ladvoiz,
lafkõ,lafka,lafka,lafkasõ,lafkõd,lafkojõ,lafkoit,lafkoisõ,lafkoiz,
lahjõ,lahja,lahja,lahjasõ,lahjõd,lahjojõ,lahjoit,lahjoisõ,lahjoiz,
lahnõ,lahna,lahna,lahnasõ,lahnõd,lahnojõ,lahnoit,lahnoisõ,lahnoiz,
lahsi,lahzõ,lassõ,lahsõsõ,lahzõd,lahsijõ,lahsiit,lahsiisõ,lahsiiz,
lahti,lahe,lahtia,lahtõ,lahõd,lahtijõ,lahtiit,lahtiisõ,lahtiiz,
lainõ,laina,laina,lainasõ,lainõd,lainojõ,lainoit,lainoisõ,lainoiz,
laiskõ,laizga,laiska,laiskasõ,laizgõd,laiskojõ,laiskoit,laiskoisõ,laiskoiz,
laivõ,laiva,laiva,laivasõ,laivõd,laivojõ,laivoit,laivoisõ,laivoiz,
laki,lagõ,lakkia,lakkõ,lagõd,lakijõ,lakiit,lakiisõ,lakiiz,
lako,lago,lakkoa,lakkosõ,lagod,lakojõ,lakoit,lakoisõ,lakoiz,
lammõz,lampa,lammassõ,lampasõ,lampad,lampajõ,lampait,lampaisõ,lampaiz,
lamppi,lampi,lamppia,lamppisõ,lampid,lamppijõ,lamppiit,lamppiisõ,lamppiiz,
lanttu,lantu,lanttua,lanttusõ,lantud,lanttujõ,lanttuit,lanttuisõ,lanttuiz,
latikkõ,latika,latikka,latikkasõ,latikõd,latikkojõ,latikkoit,latikkoisõ,latikkoiz,
latõšši,latõši,latõššia,latõššisõ,latõšid,latõššijõ,latõššiit,latõššiisõ,latõššiiz,
laulu,laulu,laulua,laulusõ,laulud,laulujõ,lauluit,lauluisõ,lauluiz,
lauto,lauto,lautot,lautosõ,lautod,lautojõ,lautoit,lautoisõ,lautoiz,
lautti,lauti,lauttia,lauttisõ,lautid,lauttijõ,lauttiit,lauttiisõ,lauttiiz,
lauttõ,lauta,lautta,lauttasõ,lautõd,lauttojõ,lauttoit,lauttoisõ,lauttoiz,
lautõ,lavva,lauta,lautasõ,lavvõd,lautojõ,lautoit,lautoisõ,lautoiz,
leemi,leeme,leemiä,leemese,leemed,leemije,leemiit,leemiise,leemiiz,
lehme,lehmä,lehmä,lehmäse,lehmed,lehmije,lehmiit,lehmiise,lehmiiz,
lehto,leho,lehtoa,lehtose,lehtod,lehtojõ,lehtoit,lehtoisõ,lehtoiz,
leipe,leivä,leipä,leipäse,leived,leipije,leipiit,leipiise,leipiiz,
leivekkõin,leivekkõizõ,leivekkõissõ,leivekkõisõ,leivekkõisõd,leivekkõisijõ,leivekkõisiit,leivekkõisiisõ,leivekkõisiiz,leive- VS leivä-?
lello,lello,lelloa,lellosõ,lellod,lellojõ,lelloit,lelloisõ,lelloiz,
lento,lenno,lentoa,lentosõ,lennod,lentojõ,lentoit,lentoisõ,lentoiz,
lepikko,lepiko,lepikkoa,lepikkosõ,lepikod,lepikkojõ,lepikkoit,lepikkoisõ,lepikkoiz,Laaksol on ainult lühike illatiiv
leppe,lepä,leppä,leppäse,lepäd,leppije,leppiit,leppiise,leppiiz,
liha,liha,liha,lihasõ,lihad,lihojõ,lihoit,lihoisõ,lihoiz,
liikõ,liiga,liika,liikasõ,liigõd,liikojõ,liikoit,liikoisõ,liikoiz,
liippõ,liipa,liippa,liippasõ,liipõd,liippojõ,liippoit,liippoisõ,liippoiz,
liittsõ,liitsa,liittsa,liitsasõ,liitsõd,liittsojõ,liittsoit,liittsoisõ,liittsoiz,
liivikko,liiviko,liivikkoa,liivikkosõ,liivikod,liivikkojõ,liivikkoit,liivikkoisõ,liivikkoiz,
liivõ,liiva,liiva,liiva,liivõd,liivojõ,liivoit,liivoisõ,liivoiz,
liivõkõz,liivõkka,liivõkõssõ,liivõkkasõ,liivõkkad,liivõkkajõ,liivõkkait,liivõkkaisõ,liivõkkaiz,
lina,lina,lina,linasõ,linad,linojõ,linoit,linoisõ,linoiz,
linnõ,linna,linna,linnasõ,linnõd,linnojõ,linnoit,linnoisõ,linnoiz,
lintu,linnu,lintua,lintusõ,linnud,lintujõ,lintuit,lintuisõ,lintuiz,
lippu,lipu,lippua,lippusõ,lipud,lippujõ,lippuit,lippuisõ,lippuiz,
lisä,lizä,lissä,lissäse,lizäd,lissäije,lissäit,lissäise,lissäiz,
litra,litra,litra,litrasõ,litrad,litrojõ,litroit,litroisõ,litroiz,
loba,loba,loba,lobasõ,lobad,lobijõ,lobiit,lobiisõ,lobiiz,
lohko,lohgo,lohkoa,lohkosõ,lohgod,lohkojõ,lohkoit,lohkoisõ,lohkoiz,
lootõ,loovva,loota,lootasõ,loovvõd,lootijõ,lootiit,lootiisõ,lootiiz,
luikko,luiko,luikkoa,luikkosõ,luikod,luikkojõ,luikkoit,luikkoisõ,luikkoiz,
luin,luizõ,luissõ,luizõsõ,luizõd,luisijõ,luisiit,luisiisõ,luisiiz,
luiskõ,luizga,luiska,luiskasõ,luizgõd,luiskijõ,luiskiit,luiskiisõ,luiskiiz,
lukku,luku,lukkua,lukkusõ,lukud,lukkujõ,lukkuit,lukkuisõ,lukkuiz,
luku,lugu,lukkua,lukku,lugud,lukujõ,lukuit,lukuisõ,lukuiz,
lumi,lumõ,lunt,lumõsõ,lumõd,lumijõ,lumiit,lumiisõ,lumiiz,
lusti,lusti,lustia,lustisõ,lustid,lustijõ,lustiit,lustiisõ,lustiiz,
luzikkõ,luzika,luzikka,luzikkasõ,luzikõd,luzikkojõ,luzikkoit,luzikkoisõ,luzikkoiz,
luu,luu,luutõ,luusõ,luud,luijõ,luit,luisõ,luiz,
luu,luu,luutõ,luhõsõ,luud,luijõ,luit,luisõ,luiz,
luukki,luuki,luukkia,luukisõ,luukid,luukijõ,luukkiit,luukkiisõ,luukkiiz,
luukkõ,luuko,luukka,luukasõ,luukõd,luukkõjõ,luukkõit,luukkõisõ,luukkõiz,TODO ühtlüstada õjõ:õit lõpud (millal ojõ millal õjõ)
lõhi,lõhe,lõhtõ,lõhõsõ,lõhõd,lõhijõ,lõhiit,lõhiisõ,lõhiiz,
lõnkõ,lõnga,lõnka,lõnkasõ,lõngõd,lõnkojõ,lõnkoit,lõnkoisõ,lõnkoiz,
lõppu,lõpu,lõppua,lõppu,lõpud,lõppujõ,lõppuit,lõppuisõ,lõppuiz,
lõukõ,lõuga,lõuka,lõukasõ,lõugõd,lõukijõ,lõukiit,lõukiisõ,lõukiiz,
lõunõ,lõuna,lõunattõ,lõunasõ,lõunad,lõunajõ,lõunait,lõunaisõ,lõunaiz,
lõõkku,lõõku,lõõkkua,lõõkkusõ,lõõkud,lõõkkujõ,lõõkkuit,lõõkkuisõ,lõõkkuiz,
lähe,lähte,lähett,lähtese,lähted,lähteje,lähteit,lähteise,lähteiz,
lähe,lähte,lähett,lähese,lähed,läheje,läheit,läheise,läheiz,
läikk,läikki,läikkiä,läikkise,läikkid,läikkije,läikkeit,läikkeise,läikkeiz,
läikkiv,läikkivä,läikkivä,läikkiväse,läikkiväd,läikkivije,läikkiviit,läikkiviise,läikkiviiz,
läkine,läkinä,läkinä,läkinäse,läkined,läkineje,läkineit,läkineise,läkineiz,
läsijõ,läsijä,läsijät,läsijäse,läsijõd,läsijoje,läsijoit,läsijoisõ,läsijoiz,
läsijõ,läsijä,läsijät,läsijäse,läsijed,läsijije,läsijiit,läsijiise,läsijiiz,kas ühtlustada -JA-liidese eespoolseks ja tagapoolseks?
läsive,läsivä,läsivä,läsiväse,läsiväd,läsivije,läsiviit,läsiviise,läsiviiz,
läsü,läzü,lässüä,lässüse,läzüd,lässüje,lässüit,lässüise,lässüiz,
lättilain,lättilaizõ,lättilaissõ,lättilaisõ,lättilaizõd,lättilaisijõ,lättilaisiit,lättilaisiisõ,lättilaisiiz,
löülü,löülü,löülüä,löülüse,löülüd,löülüje,löülüit,löülüise,löülüiz,
lühüd,lühhe,lühütte,lühhese,lühhed,lühije,lühiit,lühiise,lühiiz,
maa,maa,maat,mahasõ,maad,maijõ,mait,maisõ,maiz,
maailmõ,maailma,maailma,maailmasõ,maailmõd,maailmojõ,maailmoit,maailmoisõ,maailmoiz,
maamuna,maamuna,maamuna,maamunase,maamunad,maamunõjõ,maamunõit,maamunõisõ,maamunõiz,
maamõ,maama,maamat,maamasõ,maamõd,maamojõ,maamoit,maamoisõ,maamoiz,
magnetti,magneti,magnettia,magnettise,magnetid,magnettijõ,magnettiit,magnettiisõ,magnettiiz,
magnettiin,magnettiizõ,magnettiissõ,magnettiissõ,magnettiizõd,magnettiisijõ,magnettisiit,magnettisiisõ,magnettisiiz,
mahlõ,mahla,mahla,mahlasõ,mahlõd,mahlojõ,mahloit,mahloisõ,mahloiz,
mahsu,mahzu,mahsua,mahsusõ,mahzud,mahsujõ,mahsuit,mahsuisõ,mahsuiz,
mahsõ,mahza,mahsa,mahsasõ,mahzõd,mahsojõ,mahsoit,mahsoisõ,mahsoiz,
maikka,maikka,maikkat,maikkasõ,maikkad,maikkajõ,maikkait,maikkaisõ,maikkaiz,
main,maizõ,maiss,maizõsõ,maisõd,maisijõ,maisiit,maisiisõ,maisiiz,tüvevokaal ühtlustada
maja,maja,maja,majasõ,majad,majojõ,majoit,majoisõ,majoiz,
majakko,majako,majakkoa,majakkosõ,majakõd,majakkojõ,majakkoit,majakkoisõ,majakkoiz,
makarooni,makarooni,makaroonia,makaroonisõ,makaroonid,makaroonijõ,makarooniit,makarooniisõ,makarooniiz,
makka,makka,makkatõ,makkasõ,makkad,makkijõ,makkiit,makkiisõ,makkiiz,
mako,mago,makkoa,makkosõ,magod,makojõ,makoit,makoisõ,makoiz,
maku,magu,makku,makkusõ,magud,makujõ,makuit,makuisõ,makuiz,
makuz,makuza,makuzat,makuzasõ,makuzõd,makuzojõ,makuzait,makuzaisõ,makuzaiz,ka makuziit
mal̕ari,mal̕ari,mal̕aria,mal̕aisõ,mal̕arid,mal̕arijõ,mal̕ariit,mal̕ariisõ,mal̕ariiz,
mandõri,mandõri,mandõria,mandõrisõ,mandõrid,mandõrijõ,mandõriit,mandõriisõ,mandõriiz,
mannõ,manna,manna,mannasõ,mannõd,mannojõ,mannoit,mannoisõ,mannoiz,
mansikõz,mansikka,mansikassõ,mansikkasõ,mansikkad,mansikkojõ,mansikkait,mansikkaisõ,mansikkaiz,
marjõ,marja,marja,marjasõ,marjõd,marjojõ,marjoit,marjoisõ,marjoiz,
markkõ,marka,markka,markkasõ,markõd,markkojõ,markkoit,markkoisõ,markkoiz,
mašin,mašina,mašina,mašinasõ,mašinõd,mašinojõ,mašinoit,mašinoisõ,mašinoiz,
mašinist,mašinista,mašinista,mašinistasõ,mašinistõd,mašinistojõ,mašinistoit,mašinistoisõ,mašinistoiz,
matalõ,matala,matala,matalasõ,matalõd,matalojõ,mataloit,mataloisõ,mataloiz,
mato,mao,mattoa,mattosõ,maod,matojõ,matoit,matoisõ,matoiz,
meebeli,meebeli,meebeliä,meebelise,meebelid,meebelije,meebeliit,meebeliise,meebeliiz,
meeli,meele,meelt,meelese,meeled,meelije,meeliit,meeliise,meeliiz,
meez,mehe,meesse,mehese,mehed,mehije,mehiit,mehiise,mehiiz,
meri,mere,mert,merese,mered,merije,meriit,meriise,meriiz,
mesi,mee,mette,mettese,meed,mesije,mesiit,mesiise,mesiiz,nagu vesi
metlõ,metla,metla,metlasõ,metlõd,metlojõ,metloit,metloisõ,metloiz,
mettse,metsä,mettsä,mettsäse,metsäd,mettsije,mettsiit,mettsiise,mettsiiz,
mikä,migä,mittä,migäse,migäd,migäje,migäit,migäise,migäiz,migäjö:migäit on meelevaldsed
mikä,migä,mitä,migäse,migäd,migäje,migäit,migäise,migäiz,migäjö:migäit on meelevaldsed
miltäin,miltäize,miltäisse,miltäizese,miltäized,miltäizije,miltäiziit,miltäiziise,miltäiziiz,
minutti,minuti,minuttia,minuttise,minutid,minuttijõ,minuttiit,minuttiisõ,minuttiiz,
miä,minu,minnua,minusõ,minud,minujõ,minuit,minuisõ,minuiz,minujõ-minuit on meelevaldsed
mokom,mokoma,mokoma,mokomasõ,mokomõd,mokomijõ,mokomiit,mokomiisõ,mokomiiz,
mokomõin,mokomõizõ,mokomõissõ,mokomõizõsõ,mokomõizõd,mokomõisijõ,mokomõisiit,mokomõisiisõ,mokomõisiiz,
moodnoi,moodnoi,moodnoit,moodnoisõ,moodnoid,moodnojõ,moodnoit,moodnoisõ,moodnoiz,
moodõ,mooda,mooda,moodasõ,moodõd,moodõjõ,moodõit,moodõisõ,moodõiz,
morško,morško,morška,morškosõ,morškod,morškojõ,morškoit,morškoisõ,morškoiz,
moškõ,možga,moška,moškasõ,možgõd,moškijõ,moškiit,moškiisõ,moškiiz,
muna,muna,muna,munase,munad,munõjõ,munõit,munõisõ,munõiz,
muragõ,muraga,muraga,muragasõ,muragõd,moragojõ,muragoit,muragoisõ,muragoiz,
murhõ,murhõ,murhõttõ,murhõsõ,murhõd,murhijõ,murhiit,murhiisõ,murhiiz,
muru,muru,murua,murusõ,murud,murujõ,muruit,muruisõ,muruiz,
murõ,murõ,murõttõ,murõsõ,murõd,murijõ,muriit,muriisõ,muriiz,murijõ-muriit on meelevaldsed
musikko,musiko,mmusikkoa,musikkosõ,musikõd,musikkojõ,musikkoit,musikkoisõ,musikkoiz,
musikõz,musikka,musikassõ,musikkasõ,musikkad,musikkajõ,musikkait,musikkaisõ,musikkaiz,
mussõ,musa,mussa,mussasõ,musad,mussõjõ,mussõit,mussõisõ,mussõiz,
mussõmarjõ,mussõmarja,mussõmarja,mussõmarjasõ,mussõmarjõd,mussõmarjojõ,mussõmarjoit,mussõmarjoisõ,mussõmarjoiz,
mustõlain,mustõlaizõ,mustõlaissõ,mustõlaisõ,mustõlaizõd,mustõlasijõ,mustõlaisiit,mustõlaisiisõ,mustõlaisiiz,
muzõkantti,muzõkanti,muzõkanttia,muzõkanttisõ,muzõkantid,muzõkanttijõ,muzõkanttiit,muzõkanttiisõ,muzõkanttiiz,
muta,mua,mutta,muttasõ,muad,mutojõ,mutoi,mutoi,mutoi,
muudrõ,muudra,muudra,muudrasõ,muudrõd,muudrijõ,muudriit,muudriisõ,muudriiz,
muudõr,muudõra,muudõra,muudõrasõ,muudõrõd,muudõrojõ,muudõroit,muudõroisõ,muudõroiz,
muuzikkõ,muuzika,muuzikka,muuzikkasõ,muuzikõd,muuzikkojõ,muuzikkoit,muuzikkoisõ,muuzikkoiz,
mõiznikkõ,mõiznika,mõiznikka,mõiznikkasõ,mõiznikad,mõiznikkojõ,mõiznikkoit,mõiznikkoisõ,mõiznikkoiz,
mõizõ,mõiza,mõiza,mõizasõ,mõizõd,mõizijõ,mõiziit,mõiziisõ,mõiziiz,ka mõizojõ-mõizoit
mõlto,mõllo,mõltoa,mõltosõ,mõllod,mõllojõ,mõlloit,mõlloisõ,mõlloiz,
mõlõpi,mõlõpijõ,mõlõpiit,mõlõpisõ,mõlõpid,mõlõpijõ,mõlõpiit,mõlõpiisõ,mõlõpiiz,
mõnikõz,mõnikka,mõnikõssõ,mõnikkasõ,mõnikkad,mõnikkajõ,mõnikkait,mõnikkaisõ,mõnikkaiz,
mäči,mäe,mäččiä,mäčče,mäed,mäčije,mäčiit,mäčiise,mäčiiz,
mäči,mäe,mäččiä,mäčče,mäed,mäččije,mäččiit,mäččiise,mäččiiz,
mäčizikko,mäčiziko,mäčizikkoa,mäčizikkosõ,mäčizikod,mäčizikkojõ,mäčizikkoit,mäčizikkoisõ,mäčizikkoiz,
märče,märjä,märčä,märčäse,märjed,märčije,märčiit,märčiise,märčiiz,
märännü,märännü,märännüt,märännüse,märänned,märännije,märänneit,märänneise,märänneiz,
märännü,märännü,märännüä,märännüse,märänned,märännije,märänneit,märänneise,märänneiz,
mätä,mää,mättä,mättäse,määd,mättije,mättiit,mättiise,mättiiz,
müüjõ,müüjä,müüjä,müüjäse,müüjed,müüjije,müüjiit,müüjiise,müüjiiz,
n̕egrõ,n̕egra,n̕egra,n̕egrasõ,n̕egrõd,n̕egrojõ,n̕egroit,n̕egroisõ,n̕egroiz,
naapuri,naapuri,naapuria,naapurisõ,naapurid,naapurijõ,naapuriit,naapuriisõ,naapuriiz,
naglõ,nagla,nagla,naglasõ,naglõd,naglojõ,nagloit,nagloisõ,nagloiz,
nagriskaaskõ,nagriskaazga,nagriskaaska,nagriskaaskasõ,nagriskaazgõd,nagriskaaskojõ,nagriskaaskoit,nagriskaaskoisõ,nagriskaaskoiz,
nagriz,nagri,nagrissõ,nagrizõsõ,nagrizõd,nagrizijõ,nagriziit,nagriziisõ,nagriziiz,
nagriz,nagrisõ,nagrissõ,nagrizõsõ,nagrizõd,nagrizijõ,nagriziit,nagriziisõ,nagriziiz,
nagru,nagru,nagrua,nagrusõ,nagrud,nagruõ,nagruit,nagruisõ,nagruiz,
nahkõ,naga,nahka,nahkasõ,nahgõd,nahkojõ,nahkoit,nahkoisõ,nahkoiz,
nain,naizõ,naissõ,naisõ,naizõd,naisijõ,naisiit,naisiisõ,naisiiz,
naizikko,naiziko,naizikkoa,naizikosõ,naizikod,naizikkojõ,naizikkoit,naizikkoisõ,naizikkoiz,
napa,nava,nappa,nappasõ,navad,napojõ,napoit,napoisõ,napoiz,
nato,nao,nattoa,nattosõ,naod,natojõ,natoit,natoisõ,natoiz,
nel̕l̕äz,nel̕l̕ettemä,nel̕l̕että,nel̕l̕ettemäse,nel̕l̕etteemäd,nel̕l̕ettemije,nel̕l̕ettemiit,nel̕l̕ettemiise,nel̕l̕ettemiiz,
nenä,nenä,nenä,nenäse,nenäd,nenije,neniit,neniise,neniiz,
nenäkõz,nenäkka,nenäkõssõ,nenäkkasõ,nenäkkad,nenäkaajõ,nenäkkait,nenäkkaisõ,nenäkkaiz,
nenärätte,nenäräte,nenärätteä,nenärättese,nenäräted,nenärätteje,nenärätteit,nenärätteise,nenärätteiz,
niglõ,nigla,nigla,niglasõ,niglõd,niglojõ,nigloit,nigloisõ,nigloiz,
nimi,nime,nimiä,nimese,nimed,nimije,nimiit,nimiise,nimiiz,
niskõ,nizga,niska,niskasõ,nizgõd,niskojõ,niskoit,niskoisõ,niskoiz,
nisu,nizu,nissua,nissu,nizud,nisujõ,nisuit,nisuisõ,nisuiz,
nojaabri,nojaabri,nojaabria,nojaabrisõ,nojaabrid,nojaabrijõ,nojaabriit,nojaabriisõ,nojaabriiz,
noori,noore,noortõ,noorõsõ,noorõd,noorijõ,nooriit,nooriisõ,nooriiz,
noorikkõ,noorika,noorikka,noorikkasõ,noorikõd,noorikkojõ,noorikkoit,noorikkoisõ,noorikkoiz,
nuumõri,nuumõri,nuumõria,nuumõrisõ,nuumõrid,nuumõrijõ,nuumõriit,nuumõriisõ,nuumõriiz,
nuužnikkõ,nuužnika,nuužnikka,nuužnikkasõ,nuužnikõd,nuužnikkojõ,nuužnikkoit,nuužnikkoisõ,nuužnikkoiz,
nõki,nõgõ,nõkkia,nõkkõsõ,nõgõd,nõkijõ,nõkiit,nõkiisõ,nõkiiz,
nämäd,näjje,näite,näise,nämäd,näjje,näite,näise,näiz,
nätel̕i,nätel̕i,nätel̕iä,nätel̕ise,nätel̕id,nätel̕ije,nätel̕iit,nätel̕iise,nätel̕iiz,
nätil̕päive,nätil̕päivä,nätil̕päivä,nätil̕päiväse,nätil̕päived,nätil̕päivije,nätil̕päiviit,nätil̕päiviise,nätil̕päiviiz,
nüčüin,nüčüize,nüčüisse,nüčüizese,nüčüized,nüčüizije,nüčüiziit,nüčüiziise,nüčüiziiz,
obakkõ,obaka,obakka,obakkasõ,obakõd,obakkojõ,obakkoit,obakkoisõ,obakkoiz,
obraazõ,obraaza,obraaza,obraazasõ,obraazõd,obraazijõ,obraaziit,obraaziisõ,obraaziiz,
ohtõgo,ohtõgo,ohtõgoa,ohtõgosõ,ohtõgod,ohtõgojõ,ohtõgoit,ohtõgoisõ,ohtõgoiz,
ohtõgo,ohtõgo,ohtõgoa,ohtõgosõ,ohtõgod,ohtõgojõ,ohtõgoit,ohtõgoisõ,ohtõgoiz,
olud,olu,oluttõ,olusõ,olud,olujõ,oluit,oluisõ,oluiz,
omõn,omõna,omõna,omõnasõ,omõnõd,omõnojõ,omõnoit,omõnoisõ,omõnoiz,
ooli,oolõ,oolt,oolõ,oolõd,oolijõ,ooliit,ooliisõ,ooliiz,
oomnikko,oomniko,oomnikkoa,oomnikkosõ,oomnikod,oomnikkojõ,oomnikkoit,oomnikkoisõ,oomnikkoiz,
oonõ,oonõ,oonõt,oonõsõ,oonõd,oonijõ,ooniit,ooniisõ,ooniiz,
ostanofkõ,ostanofka,ostanofka,ostanofkasõ,ostanofkõd,ostanofkojõ,ostanofkoit,ostanofkoisõ,ostanofkoiz,
pagan,pagana,pagana,paganasõ,paganõd,paganojõ,paganoit,paganoisõ,paganoiz,
paganus,paganusõ,paganussõ,paganussõ,paganusõd,paganussojõ,paganussoit,paganussoisõ,paganussoiz,
paglõ,pagla,pagla,paglasõ,paglõd,paglojõ,pagloit,pagloisõ,pagloiz,
paha,paha,pahha,pahhasõ,pahõd,pahhojõ,pahhoit,pahhoisõ,pahhoiz,
paikkõ,paika,paikka,paikkasõ,paikõd,paikkojõ,paikkoit,paikkoisõ,paikkoiz,
paju,paju,pajua,pajusõ,pajud,pajujõ,pajuit,pajuisõ,pajuiz,
pakkõin,pakkõizõ,pakkõissõ,pakkõizõsõ,pakkõizõd,pakkõizijõ,pakkõiziit,pakkõiziisõ,pakkõiziiz,
paksu,paksu,paksua,paksusõ,paksud,paksujõ,paksuit,paksuisõ,paksuiz,
pal̕l̕o,pal̕l̕o,pal̕l̕oa,pal̕l̕osõ,pal̕l̕od,pal̕l̕ijõ,pal̕l̕iit,pal̕l̕iisõ,pal̕l̕iiz,
pal̕l̕õz,pal̕l̕a,pal̕l̕õssõ,pal̕l̕asõ,pal̕l̕ad,pal̕l̕ajõ,pal̕l̕ait,pal̕l̕aisõ,pal̕l̕aiz,
pal̕tto,pal̕to,pal̕ttoa,pal̕ttosõ,pal̕tod,pal̕ttojõ,pal̕ttoit,pal̕ttoisõ,pal̕ttoiz,
palkkõ,palka,palkka,palkkasõ,palkõd,palkkojõ,palkkoit,palkkoisõ,palkkoiz,
pallo,pallo,palloa,pallosõ,pallod,pallojõ,palloit,palloisõ,palloiz,
paperi,paperi,paperia,paperisõ,paperid,paperijõ,paperiit,paperiisõ,paperiiz,
pappi,papi,pappia,pappisõ,papid,pappijõ,pappiit,pappiisõ,pappiiz,
parad,paradi,paradia,paradisõ,paradisõd,paradisijõ,paradisiit,paradisiisõ,paradisiiz,
partõ,parra,parta,partasõ,parrõd,partojõ,partoit,partoisõ,partoiz,
partõin,partõizõ,partõissõ,partõissõ,partõizõd,partõizijõ,partõiziit,partõiziisõ,partõiziiz,
parõp,parõpa,parõpa,parõpasõ,parõpid,parõpisõ,parõpiit,parõpiisõ,parõpiiz,
paskõ,pazga,paska,paskasõ,pazgõd,paskojõ,paskoit,paskoisõ,paskoiz,
passi,pasi,passia,passisõ,pasid,passijõ,passiit,passiisõ,passiiz,
passibo,passibo,passiboa,passibosõ,passibod,passibojõ,passiboit,passiboisõ,passiboiz,
peenepi,peenepä,peenepä,peenepäse,peeneped,peenepije,peenepiit,peenepiise,peenepiiz,
peeni,peene,peent,peenese,peened,peenije,peeniit,peeniise,peeniiz,
peh̕miä,peh̕miä,peh̕miät,peh̕miäse,peh̕miäd,peh̕mije,peh̕miit,peh̕miise,peh̕miiz,
pehko,pehgo,pohkoa,pehkosõ,pehgod,pohkojõ,pehkoit,pehkoisõ,pehkoiz,
pen̕sioner,pen̕sionera,pen̕sionera,pen̕sionerasõ,pen̕sionerad,pen̕sionerojõ,pen̕sioneroit,pen̕sioneroisõ,pen̕sioneroiz,
pere,pere,perette,perese,pered,pereje,pereit,pereise,pereiz,
peremmeez,peremmehe,peremmeesse,peremmehese,peremmehed,peremmehije,peremmehiit,peremmehiise,peremmehiiz,sidekonsonant tuleb ära jätta
perennain,perennaizõ,perennaissõ,perennaisõ,perennaizõd,perennaisije,perennaisiit,perennaisiisõ,perennaisiiz,sidekonsonant tuleb ära jätta
pesä,pesä,pessä,pessäse,pezäd,pesije,pesiit,pesiise,pesiiz,
pettelikko,petteliko,pettelikkoa,pettelikosõ,pettelikod,pettelikkojõ,pettelikkoit,pettelikkoisõ,pettelikkoiz,
petäje,petäjä,petäjä,petäjäse,petäjed,petäjije,petäjiit,petäjiise,petäjiiz,
pihlpuu,pihlpuu,pihlpuut,pihlpuhõsõ,pihlpuud,pihlpuijõ,pihlpuit,pihlpuisõ,pihlpuiz,
pii,pii,piit,pihese,piid,piijõ,piit,piise,piiz,kas eespoolne või tagapoolne?
piime,piimä,piimä,piimäse,piimed,piimije,piimiit,piimiise,piimiiz,
pilvi,pilve,pilviä,pilvese,pilved,pilvije,pilviit,pilviise,pilviiz,
pimmiä,pimmiä,pimmiät,pimmiäse,pimmiäd,pimmije,pimmiit,pimmiise,pimmiiz,
pinžakkõ,pinžaka,pinžakka,pinžakkasõ,pinžakõd,pinžakkojõ,pinžakkoit,pinžakkoisõ,pinžakkoiz,
pintõ,pinna,pinta,pintasõ,pinnõd,pintojõ,pintoit,pintoisõ,pintoiz,
plaastõri,plaastõri,plaastõria,plaastõrisõ,plaastõrid,plaastõrijõ,plaastõriit,plaastõriisõ,plaastõriiz,
plehku,plehgu,plehkua,plehkuse,plehgud,plehkujõ,plehkuit,plehkuisõ,plehkuiz,
pletti,pleti,plettiä,plettise,pletid,plettije,pettiit,pettiise,pettiiz,
podarkkõ,podarka,podarkka,podarkkasõ,podarkõd,podarkkojõ,podarkkoit,podarkkoisõ,podarkkoiz,
poduškõ,podužga,poduška,poduškasõ,podužgõd,poduškojõ,poduškoit,poduškoisõ,poduškoiz,
poikõ,poiga,poika,poikasõ,poigõd,poikijõ,poikiit,poikiisõ,poikiiz,
pojo,pojo,pojoa,pojosõ,pojõd,pojojõ,pojoit,pojoisõ,pojoiz,
pominpäive,pominpäivä,pominpäivä,pominpäiväse,pominpäived,pominpäivije,pominpäiviit,pominpäiviise,pominpäiviiz,
pooli,poolõ,poolt,poolõsõ,poolõd,poolijõ,poolii,poolii,poolii,
poolõz,poola,poolassõ,poolasõ,poolad,poolajõ,pooloit,pooloisõ,pooloiz,nagu taivõz
porotuz,porotusõ,porotussõ,porotussõ,porotusõd,porotussijõ,porotussiit,porotussiisõ,porotussiiz,
portnoi,portnoi,portnoit,portnoisõ,portnoid,portnojõ,portnoit,portnoisõ,portnoiz,
porttu,portu,porttua,porttusõ,portud,porttujõ,porttuit,porttuisõ,porttuiz,
Portugaalija,Portugaalija,Portugaalijat,Portugaalijasõ,Portugaalijad,Portugaalijojõ,Portugaalijoit,Portugaalijoisõ,Portugaalijoiz,
postõ,posta,posta,postasõ,postõd,postijõ,postiit,postiisõ,postiiz,
poštaljon,poštaljooni,poštaljoonia,poštaljoonisõ,poštaljoonid,poštaljoonijõ,poštaljooniit,poštaljooniisõ,poštaljooniiz,
pošti,pošti,poštia,poštisõ,poštid,poštijõ,poštiit,poštiisõ,poštiiz,
poštimarkkõ,poštimarka,poštimarkka,poštimarkkasõ,poštimarkõd,poštimarkkojõ,poštimarkkoit,poštimarkkoisõ,poštimarkkoiz,
požarnoi,požarnoi,požarnoit,požarnoisõ,požarnoid,požarnojõ,požarnoit,požarnoisõ,požarnoiz,
potašši,potaši,potaššia,potaššisõ,potašid,potaššijõ,potaššiit,potaššiisõ,potaššiiz,
poutõ,povva,pouta,poutasõ,povvõd,poutojõ,poutoit,poutoisõ,poutoiz,
prikukkõin,prikukkõizõ,prikukkõissõ,prikukkõizõsõ,prikukkõizõd,prikukkõisijõ,prikukkõisijõ,prikukkõisijõ,prikukkõisijõ,
progonõ,progona,progona,progonasõ,progonõd,progonojõ,progonoit,progonoisõ,progonoiz,
programmõ,programma,programma,programmasõ,programmõd,programmijõ,programmit,programmisõ,programmiz,pl part lühikese vokaaliga -- kas ühtlustada mujal?
propkõ,probga,propka,propkasõ,probgõd,propkijõ,propkiit,propkiisõ,propkiiz,
prostoi,prostoi,prostoit,prostoisõ,prostoid,prostojõ,prostoit,prostoisõ,prostoiz,
protestantti,protestanti,protestanttia,protestanttisõ,protestantid,protestanttijõ,protestanttiit,protestanttiisõ,protestanttiiz,
protsentti,protsenti,protsenttia,protsenttisõ,protsentid,protsenttijõ,protsenttiit,protsenttiisõ,protsenttiiz,
pudrõ,pudra,pudra,pudrasõ,pudrõd,pudrojõ,pudroit,pudroisõ,pudroiz,
puhaz,puhta,puhassa,puhtasõ,puhtad,puhtajõ,puhtait,puhtaisõ,puhtaiz,
puin,puizõ,puissõ,puizõsõ,puizõd,puisijõ,puisiit,puisiisõ,puisiiz,
puippu,puipu,puippua,puippusõ,puipud,puippujõ,puippuit,puippuisõ,puippuiz,
pukki,puki,pukkia,pukkisõ,pukid,pukkijõ,pukkiit,pukkiisõ,pukkiiz,
pupuškõ,pupuška,pupuška,pupuškasõ,pupuškõd,pupuškojõ,pupuškoit,pupuškoisõ,pupuškoiz,
puu,puu,puut,puhõsõ,puud,puijõ,puit,puisõ,puiz,pud̕d̕õ -> puijõ ühtlustada mujal
põlto,põllo,põltoa,põltosõ,põllod,põltojõ,põltoit,põltoisõ,põltoiz,
põlvi,põlvõ,põlvia,põlvõsõ,põlvõd,põltijõ,põltiit,põltiisõ,põltiiz,
põrzõz,põrsa,põrzõssõ,põrsasõ,põrsad,põrsojõ,põrsoit,põrsoisõ,põrsoiz,
põski,põzgõ,põskia,põskõsõ,põzgõd,põskijõ,põskiit,põskiisõ,põskiiz,
pädre,pädrä,pädrä,pädräse,pädred,pädrije,pädriit,pädriise,pädriiz,
pähčen,pähtsönä,pähčenä,pähčenäse,pähčened,pähčenije,pähčeniit,pähčeniise,pähčeniiz,
päive,päivä,päivä,päiväse,päived,päivije,päiviit,päiviise,päiviiz,
pää,pää,päät,pähäse,pääd,päije,päit,päise,päiz,
pääsko,pääzgo,pääskoa,pääskosõ,pääzgod,pääskojõ,pääskoit,pääskoisõ,pääskoiz,
pühä,pühä,pühhä,pühhäse,pühäd,pühhije,pühhiit,pühhiise,pühhiiz,
püü,püü,püüt,püühese,püüd,püije,püit,püise,püiz,
püütö,püüvvö,püütöä,püütöse,püüvvöd,püütöje,püütöit,püütöise,püütöiz,
raadio,raadio,raadiota,raadiosõ,raadiod,raadiojõ,raadioit,raadioisõ,raadioiz,
raha,raha,raha,rahasõ,rahad,rahojõ,rahoit,rahoisõ,rahoiz,
rahakõz,rahakka,rahakõssõ,rahakkasõ,rahakkad,rahakkajõ,rahakkait,rahakkaisõ,rahakkaiz,
rahkõ,rahga,rahka,rahkasõ,rahgõd,rahkojõ,rahkoit,rahkoisõ,rahkoiz,
rahvõz,rahva,rahvõssõ,rahvasõ,rahvad,rahvajõ,rahvait,rahvaisõ,rahvaiz,
rakõ,rakkõ,rakõttõ,rakkõsõ,rakkõd,rakkõjõ,rakkõit,rakkõisõ,rakkõiz,
rankkõ,ranka,rankka,rankkasõ,rankõd,rankkojõ,rankkoit,rankkoisõ,rankkoiz,
rantõ,ranna,ranta,rantasõ,rannõd,rantojõ,rantoit,rantoisõ,rantoiz,
rapa,rava,rappa,rappasõ,ravad,rapojõ,rapoit,rapoisõ,rapoiz,
raskõz,raska,raskassõ,raskasõ,raskad,raskojõ,raskait,raskaisõ,raskaiz,
raskõuz,raskõusõ,raskõussõ,raskõussõ,raskõusõd,raskõussijõ,raskõussiit,raskõussiisõ,raskõussiiz,
ratis,ratti,ratissõ,rattisõ,rattid,rattijõ,rattiit,rattiisõ,rattiiz,
rauhõ,rauha,rauha,rauhasõ,rauhõd,rauhojõ,rauhoit,rauhoisõ,rauhoiz,
Reeveli,Reeveli,Reeveliä,Reevelise,Reevelid,Reevelije,Reeveliit,Reeveliise,Reeveliiz,
rehelin,rehelize,rehelisse,rehelizese,rehelized,rehelisije,rehelisiit,rehelisiise,rehelisiiz,
rehtele,rehtelä,rehtelä,rehteläse,rehteled,rehtelije,rehteliit,rehteliise,rehteliiz,
rehtelkakku,rehtelkaku,rehtelkakkua,rehtelkakkusõ,rehtelkakud,rehtelkakkujõ,rehtelkakkuit,rehtelkakkuisõ,rehtelkakkuiz,
retsepti,retsepti,retseptiä,retseptise,retseptid,retseptije,retseptiit,retseptiise,retseptiiz,
rihenneüz,rihenneüse,rihenneüsse,rihenneüse,rihenneüsed,rihenneüsije,rihenneüsiit,rihenneüsiise,rihenneüsiiz,
riittõ,riita,riitta,riittasõ,riitõd,riittojõ,riittoit,riittoisõ,riittoiz,
rikaz,rikka,rikassõ,rikkasõ,rikkad,rikkajõ,rikkait,rikkaisõ,rikkaiz,rikassõ või rikassa?
rintõ,rinna,rinta,rintasõ,rinnõd,rintojõ,rintoit,rintoisõ,rintoiz,
rissi,risi,rissiä,rissise,risid,rissije,rissiit,rissiise,rissiiz,
rissimä,rissimä,rissimä,rissimäse,rissimäd,rissimije,rissimit,rissimise,rissimiz,liitsõnas peaks selgelt eristama rissi-emä
rissisä,rissizä,rississä,rississäse,rissizäd,rissisije,rissisiit,rissisiise,rissisiiz,liitsõnas peaks selgelt eristama rissi-isä
roho,roho,roht,rohosõ,rohod,rohojõ,rohoit,rohoisõ,rohoiz,
rohoin,rohoizõ,rohoissõ,rohoizõsõ,rohoizõd,rohoizijõ,rohoiziit,rohoiziisõ,rohoiziiz,
rohosirkkõ,rohosirka,rohosirkka,rohosirkkasõ,rohosirkõd,rohosirkkojõ,rohosirkkoit,rohosirkkoisõ,rohosirkkoiz,
rokkalintu,rokkalinnu,rokkalintua,rokkalintusõ,rokkalinnud,rokkalintujõ,rokkalintuit,rokkalintuisõ,rokkalintuiz,
rokkõ,roka,rokka,rokkasõ,rokõd,rokkijõ,rokkiit,rokkiisõ,rokkiiz,
roojõ,rooja,rooja,roojasõ,roojõd,roojijõ,roojiit,roojiisõ,roojiiz,
roojõkõz,roojõkka,roojõkõssõ,roojõkkasõ,roojakkad,roojõkkajõ,roojõkkait,roojõkkaisõ,roojõkkaiz,küsida Heinikeselt roojõkõz VS roojakõz (kas põhineb sg gen?)
rookõ,rooga,rooka,rookasõ,roogõd,rookõjõ,rookõit,rookõisõ,rookõiz,
rooppõ,roopa,rooppa,rooppasõ,roopõd,rooppõjõ,roopõit,roopõisõ,roopõiz,
Roottsi,Rootsi,Roottsia,Roottsisõ,Rootsid,Roottsijõ,Roottsiit,Roottsiisõ,Roottsiiz,
roottsilain,roottsilaizõ,roottsilaissõ,roottsilaizõsõ,roottsilaizõd,roottsilaisijõ,roottsilaisiit,roottsilaisiisõ,roottsilaisiiz,
ruska,ruska,rusaat,ruskasõ,ruskad,ruskijõ,ruskait,ruskiisõ,ruskiiz,
rusko,ruzgo,ruskoa,ruskosõ,ruzgod,ruskojõ,ruskoit,ruskoisõ,ruskoiz,
ruskolain,ruskolaizõ,ruskolaissõ,ruskolaizõsõ,ruskolaizõd,ruskolaisijõ,ruskolaisiit,ruskolaisiisõ,ruskolaisiiz,
räpäl,räpälä,räpälä,räpäläse,räpäled,räpälöje,räpälöit,räpälöise,räpälöiz,
rätte,räte,rätteä,rättese,räted,rätteje,rätteit,rätteise,rätteiz,
rööveli,rööveli,rööveliä,röövelise,röövelid,röövelije,rööveliit,rööveliise,rööveliiz,
rüiz,rüčče,rüisse,rüččese,rüččed,rüččije,rüččiit,rüččiise,rüččiiz,
saadu,saadu,saadua,saadusõ,saadud,saadujõ,saaduit,saaduisõ,saaduiz,
saappõgõ,saappõga,saappõga,saappõgasõ,saapõgõd,saappõgojõ,saappagoit,saappagoisõ,saappagoiz,
sammõl,sammõla,sammõla,sammõlasõ,sammõlõd,sammõlojõ,sammõloit,sammõloisõ,sammõloiz,
sarjõ,sarja,sarja,sarjasõ,sarjõd,sarjojõ,sarjoit,sarjoisõ,sarjoiz,
sarvi,sarvõ,sarvia,sarvõsõ,sarvõd,sarvijõ,sarviit,sarviisõ,sarviiz,
sata,saa,satta,sattasõ,saad,sattojõ,sattoit,sattoisõ,sattoiz,
sato,sao,sattoa,sattosõ,saod,satojõ,satoit,satoisõ,satoiz,
saunõ,sauna,sauna,sanasõ,saunõd,saunojõ,saunoit,saunoisõ,saunoiz,
savi,savõ,savia,savõsõ,savõd,savijõ,saviit,saviisõ,saviiz,
savvu,savvu,savvua,savvusõ,savvud,savvujõ,savvuit,savvuisõ,savvuiz,
see,sene,sitä,senese,need,nejje,neit,neise,neiz,
seemen,seemne,seement,seemnese,seemned,seemnije,seemniit,seemniise,seemniiz,
seine,seinä,seinä,seinäse,seined,seinije,seiniit,seiniise,seiniiz,
selče,sellä,selčä,selčase,selled,selčije,selčiit,selčiise,selčiiz,
seppe,sepä,seppä,seppäse,sepäd,seppije,seppiit,seppiise,seppiiz,
sese,seze,sesseä,sessese,sezed,seseje,seseit,seseise,seseiz,
seukko,seuko,seukkoa,seukkosõ,seukod,seukkojõ,seukkoit,seukkoisõ,seukkoiz,
siglõ,sigla,sigla,siglasõ,siglõd,siglojõ,sigloit,sigloisõ,sigloiz,
siipi,siive,siipiä,siipise,siived,siipije,siipiit,siipiise,siipiiz,
siitiä,siitiä,siitiä,siitise,siitid,siitije,siitiit,siitiise,siitiiz,
siivo,siivo,siivoa,siivosõ,siivod,siivojõ,siivoit,siivoisõ,siivoiz,
sika,siga,sikka,sikkasõ,sigad,sikojõ,sikoit,sikoisõ,sikoiz,
silme,silmä,silmä,silmäse,silmed,silmije,silmiit,silmiise,silmiiz,
siltõ,silla,silta,siltasõ,sillõd,siltojõ,siltoit,siltoisõ,siltoiz,
sinin,sinize,sinissä,sinizese,sinized,sinizije,siniziit,siniziise,siniziiz,
sisavõ,sisava,sisava,sisavasõ,sisavõd,sisavojõ,sisavoit,sisavoisõ,sisavoiz,
siso,sizo,sissoa,sisso,sizod,sisojõ,sisoit,sisoisõ,sisoiz,
skopkõ,skobga,skopka,skopkasõ,skobgõd,skopijõ,skopikiit,skopikiisõ,skopikiiz,
sl̕ifkõ,sl̕ifka,sl̕ifka,sl̕ifkasõ,sl̕ifkõd,sl̕ifkojõ,sl̕ifkoit,sl̕ifkoisõ,sl̕ifkoiz,
slona,slona,slona,slonasõ,slonad,slonijõ,slonõit,slonõisõ,slonõiz,
soo,soo,soot,sohosõ,sood,soijõ,soit,soisõ,soiz,
sooli,soolõ,soolt,soolõsõ,soolõd,soolijõ,sooliit,sooliisõ,sooliiz,
soolõ,soola,soola,soolasõ,soolõd,soolijõ,sooliit,sooliisõ,sooliiz,
Soomi,Soomõ,Soomia,Soomõsõ,Soomõd,Soomijõ,Soomiit,Soomiisõ,Soomiiz,
soomõlain,soomõlaizõ,soomõlaissõ,soomõlaizõsõ,soomõlaizõd,soomõlaisijõ,soomõlaisiit,soomõlaisiisõ,soomõlaisiiz,
sopuin,sopuzõ,sopuissõ,sopuizõsõ,sopuizõd,sopuizijõ,sopuiziit,sopuiziisõ,sopuiziiz,
sorsõ,sorza,sorsa,sorsasõ,sorzõd,sorzijõ,sorziit,sorziisõ,sorziiz,
stooli,stooli,stoolia,stoolisõ,stoolid,stoolijõ,stooliit,stooliisõ,stooliiz,
sukkõ,suka,sukka,sukkasõ,sukad,sukkijõ,sukkiit,sukkiisõ,sukkiiz,
suku,sugu,sukkua,sukkusõ,sugud,sukujõ,sukuit,sukuisõ,sukuiz,
sukulain,sukulaizõ,sukulaissõ,sukulaizõsõ,sukulaizõd,sukulaisijõ,sukulaisiit,sukulaisiisõ,sukulaisiiz,
suma,suma,suma,sumasõ,sumad,sumojõ,sumoit,sumoisõ,sumoiz,
summõ,summa,summa,summasõ,summõd,summojõ,summoit,summoisõ,summoiz,
suppi,supi,suppia,suppisõ,supid,suppijõ,suppiit,suppiisõ,suppiiz,
surmõ,surma,surma,surmasõ,surmõd,surmojõ,surmoit,surmoisõ,surmoiz,
susi,suõ,suttõ,suõsõ,suõd,susijõ,susiit,susiisõ,susiiz,
suu,suu,suut,suhõsõ,suud,suijõ,suit,suisõ,suiz,
suukkuri,suukkuri,suukkuria,suukkurisõ,suukkurid,suukkurijõ,suukkuriit,suukkuriisõ,suukkuriiz,
suukkurliivõ,suukkurliiva,suukkurliiva,suukkurliiva,suukkurliivõd,suukkurliivojõ,suukkurliivoit,suukkurliivoisõ,suukkurliivoiz,
suuri,suurõ,suurtõ,suurõsõ,suurõd,suurijõ,suuriit,suuriisõ,suuriiz,
suuto,suuo,suutoa,suutosõ,suuod,suutojõ,suutoit,suutoisõ,suutoiz,
sveežõ,sveeža,sveeža,sveežasõ,sveežõd,sveežijõ,sveežiit,sveežiisõ,sveežiiz,
sõbrõ,sõbra,sõbra,sõbrasõ,sõbrõd,sõbrojõ,sõbroit,sõbroisõ,sõbroiz,
sõna,sõna,sõna,sõnasõ,sõnad,sõnojõ,sõnoit,sõnoisõ,sõnoiz,
sõpa,sõva,sõppa,sõppasõ,sõvad,sõpojõ,sõpoit,sõpoisõ,sõpoiz,
sõrmi,sõrmõ,sõrmia,sõrmõsõ,sõrmõd,sõrmijõ,sõrmiit,sõrmiisõ,sõrmiiz,
sõrmuz,sõrmusõ,sõrmussõ,sõrmussõ,sõrmusõd,sõrmussijõ,sõrmussiit,sõrmussiisõ,sõrmussiiz,
sõta,sõa,sõtta,sõttasõ,sõad,sõtojõ,sõtoit,sõtoisõ,sõtoiz,
sää,sää,säät,sähäse,sääd,säije,sääit,sääise,sääiz,
süčüzü,süčüzü,süčüzüä,süčüzüse,süčüzüd,süčüzije,süčüziit,süčüziise,süčüziiz,
süli,süle,sülte,sülese,süled,sülije,süliit,süliise,süliiz,
sünti,sünni,süntiä,süntise,sünnid,süntije,süntiit,süntiise,süntiiz,
süsi,süe,sütte,süttese,süed,süsije,süsiit,süsiise,süsiiz,
süsiin,süsize,süsiisse,süsizese,süsized,süsizije,süsiziit,süsiziise,süsiziiz,
süä,süä,süttä,süttäse,süäd,süttije,süttiit,süttiise,süttiiz,
süüčči,süüči,süüččiä,süüččise,süüčid,süüččije,süüččiit,süüččiise,süüččiiz,
škoulu,škoulu,škoulua,škoulusõ,škoulud,škoulujõ,škouluit,škouluisõ,škouluiz,
šlääppi,šlääpi,šlääppiä,šlääppise,šlääpid,šlääppije,šlääppiit,šlääppiise,šlääppiiz,
špeili,špeili,špeiliä,špeilise,špeilid,špeilije,špeiliit,špeiliise,špeiliiz,
štanad,štanojõ,štanoit,štanoisõ,štanad,štanojõ,štanoit,štanoisõ,štanoiz,
šuubõ,šuuba,šuuba,šuubasõ,šuubõd,šuubojõ,šuuboit,šuuboisõ,šuuboiz,
zanavesk,zanaveska,zanaveska,zanaveskasõ,zanaveskõd,zanaveskojõ,zanaveskoit,zanaveskoisõ,zanaveskoiz,
ženihõ,ženiha,ženiha,ženihasõ,ženihõd,ženihojõ,ženihoit,ženihoisõ,ženihoiz,
žiivõttõ,žiivõta,žiivõtta,žiivõttasõ,žiivõtõd,žiivõttojõ,žiivõttoit,žiivõttoisõ,žiivõttoiz,
žurnalist,žurnalista,žurnalista,žurnalistasõ,žurnalistõd,žurnalistojõ,žurnalistoit,žurnalistoisõ,žurnalistoiz,
taari,taari,taaria,taarisõ,taarid,taarijõ,taariit,taariisõ,taariiz,
taattõ,taata,taatta,taattasõ,taatõd,taattojõ,taattoit,taattoisõ,taattoiz,
tablittsõ,tablitsa,tablittsa,tablittsasõ,tablittsõd,tablittsojõ,tablittsoit,tablittsoisõ,tablittsoiz,
taičinõ,taičina,taičina,taičinasõ,taičinõd,taičinojõ,taičinoit,taičinoisõ,taičinoiz,
taimi,maime,taimia,taimõsõ,taimõd,taimijõ,taimiit,taimiisõ,taimiiz,
taivõz,taiva,taivassõ,taivasõ,taivad,taivajõ,taivait,taivaisõ,taivaiz,
talo,talo,taloa,talosõ,talod,talojõ,taloit,taloisõ,taloiz,
talvi,talvõ,talvia,talvõsõ,talvõd,talvijõ,talviit,talviisõ,talviiz,
talviin,talviizõ,talviissõ,talviižõsõ,talviizõd,talviisijõ,talviiziit,talviiziisõ,talviiziiz,
tammi,tammõ,tammia,tammõsõ,tammõd,tammijõ,tammiit,tammiisõ,tammiiz,
tara,tara,tara,tarasõ,tarad,tarojõ,taroit,taroisõ,taroiz,
tarelk,tarelka,tarelka,tarelkasõ,tarelkõd,tarelkojõ,tarelkoit,tarelkoisõ,tarelkoiz,
tarkkõ,tarka,tarkka,tarkkasõ,tarkõd,tarkkojõ,tarkkoit,tarkkoisõ,tarkkoiz,
tarkuz,tarkusõ,tarkussõ,tarkussõsõ,tarkusõd,tarkussijõ,tarkussiit,tarkussiisõ,tarkussiiz,
Tarttu,Tartu,Tarttua,Tarttusõ,Tartud,Tarttujõ,Tarttuit,Tarttuisõ,Tarttuiz,
tarttulain,tarttulaizõ,tarttulaissõ,tarttulaizõsõ,tarttulaizõd,tarttulaisijõ,tarttulaisiit,tarttulaisiisõ,tarttulaisiiz,
tauti,taudi,tautia,tautisõ,taudid,tautijõ,tautiit,tautiisõ,tautiiz,
tauti,tavvõ,tautia,tautisõ,tavvõd,tautijõ,tautiit,tautiisõ,tautiiz,
tečejä,tečejä,tečejä,tečejäse,tečejed,tečejije,tečejiit,tečejiise,tečejiiz,
tee,tee,teete,tehese,teed,teije,teit,teise,teiz,
telefona,telefona,telefona,telefonasõ,telefonad,telefonojõ,telefonoit,telefonoisõ,telefonoiz,
televizora,televizora,televizora,televizorasõ,televizorad,televizorojõ,televizoroit,televizoroisõ,televizoroiz,
terve,terve,tervette,tervese,terved,tervije,terveit,terveise,terveiz,
tikkõ,tika,tikka,tikkasõ,tikõd,tikkojõ,tikkoit,tikkoisõ,tikkoiz,
tila,tila,tila,tilasõ,tilad,tilojõ,tiloit,tiloisõ,tiloiz,
toho,toho,toht,tohtosõ,tohod,tohtijõ,tohtiit,tohtiisõ,tohtiiz,
tormi,tormi,tormia,tormisõ,tormid,tormijõ,tormiit,tormiisõ,tormiiz,
touko,tougo,toukkoa,toukosõ,tougod,toukojõ,toukoit,toukoisõ,toukoiz,
trubačist,trubačista,trubačista,trubačistasõ,trubačistõd,trubačistijõ,trubačistiit,trubačistiisõ,trubačistiiz,
trubõ,truba,truba,trubasõ,trubad,trubojõ,truboit,truboisõ,truboiz,
tubakkõ,tubaka,tubakka,tubakkasõ,tubakõd,tubakkojõ,tubakkoit,tubakkoisõ,tubakkoiz,
tuhattõ,tuhatta,tuhatta,tuhattasõ,tuhatõd,tuhattojõ,tuhattoit,tuhattoisõ,tuhattoiz,
tuimõ,tuima,tuima,tuimasõ,tuimõd,tuimijõ,tuimiit,tuimiisõ,tuimiiz,
tuisku,tuizgu,tuiskua,tuiskusõ,tuizgud,tuiskujõ,tuiskuit,tuiskuisõ,tuiskuiz,
tuli,tulõ,tultõ,tulõsõ,tulõd,tulijõ,tuliit,tuliisõ,tuliiz,
tunni,tunni,tunnia,tunnisõ,tunnid,tunnijõ,tunniit,tunniisõ,tunniiz,
turvõz,turpa,turvassõ,turpasõ,turpad,turpajõ,turpait,turpaisõ,turpaiz,
tuttavõ,tuttava,tuttava,tuttavasõ,tuttavõd,tuttavijõ,tuttaviit,tuttaviisõ,tuttaviiz,
tuuli,tuulõ,tuultõ,tuulõsõ,tuulõd,tuulijõ,tuuliit,tuuliisõ,tuuliiz,
tõin,tõizõ,tõissõ,tõizõsõ,tõizõd,tõisijõ,tõisiit,tõisiisõ,tõisiiz,
tämä,tämä,tätä,tämäse,nämäd,näjje,näit,näise,näiz,ühtlustada näije
täti,tädi,tättiä,tättise,tädid,tätije,tätiit,tätiise,tätiiz,
tühjõ,tühjä,tühjä,tühjäse,tühjod,tühjije,tühjiit,tühjiise,tühjiiz,
tükku,tükü,tükküä,tükküse,tüküd,tükküje,tükküit,tükküise,tükküiz,
tünko,tüngä,tünka,tünkäse,tünged,tünkije,tünkiit,tünkiise,tünkiiz,
tüttö,tütö,tüttöä,tüttöse,tütöd,tüttöje,tüttöit,tüttöise,tüttöiz,
tütär,tüttäre,tütärte,tüttärese,tüttäred,tüttärije,tüttäriit,tüttäriise,tüttäriiz,
tüü,tüü,tüüte,tühese,tüüd,tüije,tüit,tüise,tüiz,
ugurittsõ,uguritsa,ugurittsa,ugurittsasõ,uguritsad,ugurittsojõ,ugurittsoit,ugurittsoisõ,ugurittsoiz,
uhsi,uhzõ,ussõ,uhsõsõ,uhzõd,uhsijõ,uhsiit,uhsiise,uhsiiz,
ukrainalain,ukrainalaize,ukrainalaissõ,ukrainalaissõ,ukrainalaizõd,ukrainalaisijõ,ukrainalaisiit,ukrainalaisiisõ,ukrainalaisiiz,
ukroppi,ukropi,ukroppia,ukroppisõ,ukropid,ukroppijõ,ukroppiit,ukroppiisõ,ukroppiiz,
uni,unõ,untõ,unõsõ,unõd,unijõ,uniit,uniisõ,uniiz,
urokkõ,uroka,urokka,urokkasõ,urokõd,urokkojõ,urokkoit,urokkoisõ,urokkoiz,
usa,uza,ussa,ussasõ,uzad,usijõ,usiit,usiisõ,usiiz,
usko,uzgo,uskoa,uskosõ,uzgod,uskojõ,uskoit,uskoisõ,uskoiz,
uusi,uuvvõ,uuttõ,uuvvõsõ,uuvvõd,uusiijõ,uusiit,uusiisõ,uusiiz,
uutin,uutizõ,uutissõ,uutizõsõ,uutizõd,uutizijõ,uutiziit,uutiziisõ,uutiziiz,
vaahto,vaaho,vaahtoa,vaahtosõ,vaahod,vaahtojõ,vaahtoit,vaahtoisõ,vaahtoiz,
vaahtõr,vaahtõra,vaahtõra,vaahtõrasõ,vaahtõrõd,vaahtõrojõ,vaahtõroit,vaahtõroisõ,vaahtõroiz,
vagzõli,vagzõli,vagzõlia,vagzõlisõ,vagzõlid,vagzõlijõ,vagzõliit,vagzõliisõ,vagzõliiz,
vahti,vahi,vahtia,vahtisõ,vahid,vahtijõ,vahtiit,vahtiisõ,vahtiiz,
vahõ,vahõ,vahõttõ,vahõsõ,vahõd,vahijõ,vahiit,vahiisõ,vahiiz,nagu jumõ
vaka,vaga,vakat,vakasõ,vagad,vakajõ,vakait,vakaisõ,vakaiz,
vakkõ,vaka,vakka,vakkasõ,vakad,vakkojõ,vakkoit,vakkoisõ,vakkoiz,
vako,vago,vakkoa,vakkosõ,vagod,vakojõ,vakoit,vakoisõ,vakoiz,
valka,valka,valkatõ,valkasõ,valkad,valkojõ,valkoit,valkoisõ,valkoiz,
vana,vana,vana,vanasõ,vanad,vanojõ,vanoit,vanoisõ,vanoiz,
vari,vari,varia,varisõ,varid,varijõ,variit,variisõ,variiz,
varjo,varjo,varjoa,varjosõ,varjod,varjojõ,varjoit,varjoisõ,varjoiz,
varsi,varrõ,varttõ,vartõsõ,varrõd,varsijõ,varsiit,varsiisõ,varsiiz,
varvõz,varpa,varvõssõ,varpasõ,varpad,varpajõ,varpait,varpaisõ,varpaiz,
varõz,varõsõ,varõssõ,varõssõ,varõsõd,varõssijõ,varõssiit,varõssiisõ,varõssiiz,
vattsõ,vatsa,vattsa,vattsasõ,vatsad,vattsojõ,vattsoit,vattsoisõ,vattsoiz,
vello,vello,velloa,vellosõ,vellod,vellojõ,velloit,velloisõ,velloiz,
velosipedõ,velosipeda,velosipeda,velosipedasõ,velosipedad,velosipedijõ,velosipediit,velosipediisõ,velosipediiz,
vene,vene,venette,venese,vened,veneje,veneit,veneise,veneiz,
venäläin,venäläize,venäläisse,venäläisse,venäläized,venäläisije,venäläisiit,venäläisiise,venäläisiiz,
veri,vere,verte,verese,vered,verije,veriit,veriise,veriiz,
vesi,vee,vette,vettese,veed,vesije,vesiit,vesiise,vesiiz,
vetelüz,vetelüse,vetelüsse,vetelüsse,vetelüsed,vetelüssije,vetelüssiit,vetelüssiise,vetelüssiiz,
veto,veo,vettoa,vettosõ,veod,vetojõ,vetoit,vetoisõ,vetoiz,
vihko,vihgo,vihkoa,vihkosõ,vihgod,vihkojõ,vihkoit,vihkoisõ,vihkoiz,
vihmõ,vihma,vihma,vihmasõ,vihmõd,vihmojõ,vihmoit,vihmoisõ,vihmoiz,
vihtõ,viha,vihta,vihtasõ,vihad,vihtojõ,vihtoit,vihtoisõ,vihtoiz,
vikahtõ,vikahtõ,vikahta,vikahtasõ,vikahtõd,vikahtojõ,vikahtoit,vikahtoisõ,vikahtoiz,
viki,viki,vikkiä,vikkise,vikid,vikkije,vikkiit,vikkiise,vikkiiz,
viks,viksa,viksa,viksase,viksõd,viksojõ,viksoit,viksoisõ,viksoiz,
vilkõ,vilga,vilka,vilkasõ,vilgõd,vilkojõ,vilkoit,vilkoisõ,vilkoiz,
villõ,villa,villa,villase,villõd,villojõ,villoit,villoisõ,villoiz,
vilppi,vilpi,vilppiä,vilppise,vilpid,vilppije,vilppiit,vilppiise,vilppiiz,
vilu,vilu,vilua,vilusõ,vilud,vilujõ,viluit,viluisõ,viluiz,
vimpõ,vimma,vimpa,vimpasõ,vimmõd,vimpijõ,vimpiit,vimpiisõ,vimpiiz,
vinku,vingu,vinkua,vinkusõ,vingud,vinkujõ,vinkuit,vinkuisõ,vinkuiz,
vinkuri,vinkuri,vinkuria,vinkurisõ,vinkurid,vinkurijõ,vinkuriit,vinkuriisõ,vinkuriiz,
vinkõ,vinga,vinka,vinkasõ,vingõd,vinkojõ,vinkoit,vinkoisõ,vinkoiz,
vipu,vivu,vippua,vippusõ,vivud,vipujõ,vipuit,vipuisõ,vipuiz,
viro,viro,viroa,virosõ,virod,virojõ,viroit,viroisõ,viroiz,
virolain,virolaize,virolaissõ,virolaissõ,virolaizõd,virolaisijõ,virolaisiit,virolaisiisõ,virolaisiiz,
vohmõ,vohma,vohma,vohmasõ,vohmõd,vohmijõ,vohmiit,vohmiisõ,vohmiiz,
vokki,voki,vokkia,vokkisõ,vokid,vokkijõ,vokkiit,vokkiisõ,vokkiiz,
voolõ,voola,voola,voolasõ,voolõd,voolijõ,vooliit,vooliisõ,vooliiz,
vooro,vooro,vooroa,voorosõ,voorod,voorojõ,vooroit,vooroisõ,vooroiz,
voosi,vovvõ,voottõ,vootõ,vovvõd,voosijõ,voosiit,voosiisõ,voosiiz,
voosin,voosizõ,voosissõ,voosizõsõ,voosizõd,voosizijõ,voosiziit,voosiziisõ,voosiziiz,
vunukkõ,vunuka,vunukka,vunukkasõ,vunukõd,vunukkojõ,vunukkoit,vunukkoisõ,vunukkoiz,
või,või,võitõ,võisõ,võid,võije,võit,võisõ,võiz,
võimõ,võima,võima,võimasõ,võimõd,võimijõ,võimiit,võimiisõ,võimiiz,
võlkõ,võlga,võlka,võlkasõ,võlgõd,võlkojõ,võlkoit,võlkoisõ,võlkoiz,
võrkko,võrko,võrkkoa,võrkkosõ,võrkod,võrkkojõ,võrkkoit,võrkkoisõ,võrkkoiz,
võõrõz,võõra,võõrassõ,võõrasõ,võõrad,võõrajõ,võõrait,võõraisõ,võõraiz,
väči,väe,väččiä,väččese,väed,väččije,väččiit,väččiise,väččiiz,
väli,väli,väliä,välise,välid,välije,väliit,väliise,väliiz,
vääri,vääri,vääriä,väärise,väärid,väärije,vääriit,vääriise,vääriiz,
vüü,vüü,vüüt,vühese,vüüd,vüije,vüit,vüise,vüiz,
õgaz,õkka,õgassõ,õkkasõ,õkkad,õkkajõ,õkkaid,õkkaid,õkkaid,
õhsõ,õhza,õhsa,õhsasõ,õhzõd,õhsijõ,õhsiit,õhsiisõ,õhsiiz,
õhtõgo,õhtõgo,õhtõgoa,õhtõgosõ,õhtõgod,õhtõgojõ,õhtõgoit,õhtõgoisõ,õhtõgoiz,
õhtõgoin,õhtõgoizõ,õhtõgoiss,õhtõgoizõsõ,õhtõgoizõd,õhtõgoisijõ,õhtõgoisiit,õhtõgoisiisõ,õhtõgoisiiz,
õja,õja,õja,õjasõ,õjad,õjijõ,õjit,õjisõ,õjiz,
õma,õma,õmma,õmmasõ,õmõd,õmmijõ,õmmiit,õmmiisõ,õmmiiz,
õmpõjõ,õmpõja,õmpõja,õmpõjasõ,õmpõjõd,õmpõijõ,õmpõijiit,õmpõijiisõ,õmpõijiiz,
õmpõlia,õmpõlija,õmpõlijat,õmpõliasõ,õmpõliad,õmpõlijõd,õmpõlijait,õmpõlijaisõ,õmpõlijaiz,
õnki,õngõ,õnkia,õnkõsõ,õngõd,õnkijõ,õnkiit,õnkiisõ,õnkiiz,
õnni,õnnõ,õnnia,õnni,õnnõd,õnnijõ,õnniit,õnniisõ,õnniiz,
õnnõkõz,õnnõkka,õnnõkõss,õnnõkkasõ,õnnõkkad,õnnõkkajõ,õnnõkkait,õnnõkkaisõ,õnnõkkaiz,
õnnõliin,õnnõlizõ,õnnõliiss,õnnõlizõsõ,õnnõlizõd,õnnõlisijõ,õnnõlisiit,õnnõlisiisõ,õnnõlisiiz,
õnnõtoi,õnnõtoma,õnnõtomat,õnnõttomasõ,õnnõttomad,õnnõttomijõ,õnnõtomiit,õnnõtomiisõ,õnnõtomiiz,
õpõin,õpõizõ,õvõissõ,õpõzõsõ,õpõizõd,õpõizijõ,õpõiziit,õpõiziisõ,õpõiziiz,Laaksol o-alguline
õpõttõja,õpõttõja,õpõttõjat,õpõttõjasõ,õpõttõjad,õpõttõijõ,õpõttõiit,õpõttõiisõ,õpõttõiiz,
õravõ,õrava,õrava,õravasõ,õravõd,õravojõ,õravoit,õravoisõ,õravoiz,
õzrikko,õzriko,õzrikkoa,õzrikkosõ,õzrikod,õzrikkojõ,õzrikkoit,õzrikkoisõ,õzrikkoiz,
õzrõ,õzra,õzra,õzrasõ,õzrõd,õzrojõ,õzroit,õzroisõ,õzroiz,
õttsõ,õtsa,õttsa,õttsasõ,õtsad,õttsijõ,õttsoit,õttsoisõ,õttsoiz,
õvvi,õvvõ,õvvia,õvvõsõ,õvvõd,õvvijõ,õvviit,õvviisõ,õvviiz,
äjje,äjjä,äjjä,äjjäse,äjjed,äjjije,äjjiit,äjjiise,äjjiiz,
ämme,ämmä,ämmä,ämmäse,ämmed,ämmije,ämmiit,ämmiise,ämmiiz,
ängeli,ängeli,ängeliä,ängelise,ängelid,ängelije,ängeliit,ängeliise,ängeliiz,
änte,ännä,äntä,äntäse,änned,äntije,äntiit,äntiise,äntiiz,
ärčä,ärjä,ärčä,ärčäse,ärjed,ärčije,ärčiit,ärčiise,ärčiiz,
ääni,ääne,äänte,äänese,ääned,äänije,ääniit,ääniise,ääniiz,
ääri,ääre,ääriä,ääresõ,ääred,äärije,ääriit,ääriise,ääriiz,
ühellain,ühellaize,ühellaissõ,ühellaissõ,ühellaizõd,ühellaisijõ,ühellaisiit,ühellaisiisõ,ühellaisiiz,
ühs,ühe,ühte,ühtese,ühed,ühsije,ühsiit,ühsiise,ühsiiz,
ülči,ülle,ülčiä,ülčese,ülled,ülčije,ülčiit,ülčiise,ülčiiz,
üvä,üvä,üvvä,üvväse,üväd,üvvije,üvviit,üvviise,üvviiz,
üü,üü,üüt,üühese,üüd,üije,üit,üise,üiz,
